"ISO3","Country","Year","Survey","Indicator","Admin","Region_Name","Mean","Median","Lower_CI","Upper_CI","Width_90_CI","Coefficient_of_Variation"
"SLE","Sierra Leone",2013,"SL2013DHS","FP_CUSM_W_MOD",1,"Eastern",0.1657,0.1657,0.1473,0.1859,0.03853,0.07065
"SLE","Sierra Leone",2013,"SL2013DHS","FP_CUSM_W_MOD",1,"North Western",0.1029,0.1029,0.08389,0.1256,0.04175,0.1229
"SLE","Sierra Leone",2013,"SL2013DHS","FP_CUSM_W_MOD",1,"Northern",0.1256,0.1256,0.1044,0.1503,0.04594,0.1109
"SLE","Sierra Leone",2013,"SL2013DHS","FP_CUSM_W_MOD",1,"Southern",0.1633,0.1633,0.1455,0.1829,0.03736,0.06949
"SLE","Sierra Leone",2013,"SL2013DHS","FP_CUSM_W_MOD",1,"Western Area",0.2502,0.2502,0.2161,0.2878,0.07168,0.08714
"SLE","Sierra Leone",2013,"SL2013DHS","FP_CUSM_W_MOD",2,"Eastern_Kailahun",0.2064,0.2056,0.1793,0.236,0.05663,0.08501
"SLE","Sierra Leone",2013,"SL2013DHS","FP_CUSM_W_MOD",2,"Eastern_Kenema",0.1618,0.1608,0.1326,0.1938,0.06125,0.116
"SLE","Sierra Leone",2013,"SL2013DHS","FP_CUSM_W_MOD",2,"Eastern_Kono",0.1329,0.132,0.1004,0.1705,0.07002,0.1606
"SLE","Sierra Leone",2013,"SL2013DHS","FP_CUSM_W_MOD",2,"North Western_Kambia",0.06854,0.06745,0.04343,0.09778,0.05435,0.245
"SLE","Sierra Leone",2013,"SL2013DHS","FP_CUSM_W_MOD",2,"North Western_Karene",0.09319,0.08991,0.05659,0.1397,0.08312,0.2895
"SLE","Sierra Leone",2013,"SL2013DHS","FP_CUSM_W_MOD",2,"North Western_Port Loko",0.1158,0.1146,0.09168,0.1427,0.05103,0.136
"SLE","Sierra Leone",2013,"SL2013DHS","FP_CUSM_W_MOD",2,"Northern_Bombali",0.1448,0.1427,0.1059,0.1923,0.08644,0.1857
"SLE","Sierra Leone",2013,"SL2013DHS","FP_CUSM_W_MOD",2,"Northern_Falaba",0.08969,0.08726,0.04666,0.1421,0.09543,0.333
"SLE","Sierra Leone",2013,"SL2013DHS","FP_CUSM_W_MOD",2,"Northern_Koinadugu",0.09544,0.09411,0.0653,0.1298,0.06451,0.2103
"SLE","Sierra Leone",2013,"SL2013DHS","FP_CUSM_W_MOD",2,"Northern_Tonkolili",0.1331,0.1312,0.1049,0.1661,0.06126,0.1414
"SLE","Sierra Leone",2013,"SL2013DHS","FP_CUSM_W_MOD",2,"Southern_Bo",0.1849,0.1836,0.1537,0.219,0.06532,0.1097
"SLE","Sierra Leone",2013,"SL2013DHS","FP_CUSM_W_MOD",2,"Southern_Bonthe",0.1755,0.1752,0.1355,0.2189,0.08337,0.147
"SLE","Sierra Leone",2013,"SL2013DHS","FP_CUSM_W_MOD",2,"Southern_Moyamba",0.1055,0.1046,0.08149,0.1327,0.05117,0.1492
"SLE","Sierra Leone",2013,"SL2013DHS","FP_CUSM_W_MOD",2,"Southern_Pujehun",0.1865,0.1849,0.1575,0.2178,0.0603,0.1031
"SLE","Sierra Leone",2013,"SL2013DHS","FP_CUSM_W_MOD",2,"Western Area_Western Rural",0.2333,0.2326,0.1923,0.2782,0.08581,0.1073
"SLE","Sierra Leone",2013,"SL2013DHS","FP_CUSM_W_MOD",2,"Western Area_Western Urban",0.2548,0.2537,0.2152,0.299,0.08386,0.09859
"SLE","Sierra Leone",2013,"SL2013DHS","RH_ANCN_W_N4P",1,"Eastern",0.7383,0.7383,0.6794,0.7897,0.1103,0.1283
"SLE","Sierra Leone",2013,"SL2013DHS","RH_ANCN_W_N4P",1,"North Western",0.7614,0.7614,0.7107,0.8055,0.09482,0.1209
"SLE","Sierra Leone",2013,"SL2013DHS","RH_ANCN_W_N4P",1,"Northern",0.7118,0.7118,0.6746,0.7463,0.07166,0.07566
"SLE","Sierra Leone",2013,"SL2013DHS","RH_ANCN_W_N4P",1,"Southern",0.8145,0.8145,0.7807,0.8442,0.0635,0.104
"SLE","Sierra Leone",2013,"SL2013DHS","RH_ANCN_W_N4P",1,"Western Area",0.7773,0.7773,0.7123,0.8311,0.1189,0.1624
"SLE","Sierra Leone",2013,"SL2013DHS","RH_ANCN_W_N4P",2,"Eastern_Kailahun",0.7803,0.7809,0.7413,0.8163,0.07494,0.1051
"SLE","Sierra Leone",2013,"SL2013DHS","RH_ANCN_W_N4P",2,"Eastern_Kenema",0.729,0.734,0.6318,0.8117,0.1799,0.2067
"SLE","Sierra Leone",2013,"SL2013DHS","RH_ANCN_W_N4P",2,"Eastern_Kono",0.7223,0.7235,0.6709,0.7675,0.09663,0.1092
"SLE","Sierra Leone",2013,"SL2013DHS","RH_ANCN_W_N4P",2,"North Western_Kambia",0.7521,0.7546,0.6698,0.8237,0.1539,0.1912
"SLE","Sierra Leone",2013,"SL2013DHS","RH_ANCN_W_N4P",2,"North Western_Karene",0.6488,0.6504,0.554,0.7371,0.1831,0.1584
"SLE","Sierra Leone",2013,"SL2013DHS","RH_ANCN_W_N4P",2,"North Western_Port Loko",0.7611,0.7624,0.7018,0.8153,0.1135,0.1484
"SLE","Sierra Leone",2013,"SL2013DHS","RH_ANCN_W_N4P",2,"Northern_Bombali",0.758,0.7578,0.6863,0.8244,0.1382,0.1734
"SLE","Sierra Leone",2013,"SL2013DHS","RH_ANCN_W_N4P",2,"Northern_Falaba",0.69,0.6934,0.6044,0.7676,0.1631,0.1586
"SLE","Sierra Leone",2013,"SL2013DHS","RH_ANCN_W_N4P",2,"Northern_Koinadugu",0.6784,0.682,0.5966,0.7538,0.1571,0.1536
"SLE","Sierra Leone",2013,"SL2013DHS","RH_ANCN_W_N4P",2,"Northern_Tonkolili",0.6934,0.6938,0.654,0.7305,0.07657,0.07492
"SLE","Sierra Leone",2013,"SL2013DHS","RH_ANCN_W_N4P",2,"Southern_Bo",0.7617,0.7645,0.7022,0.8171,0.1149,0.1513
"SLE","Sierra Leone",2013,"SL2013DHS","RH_ANCN_W_N4P",2,"Southern_Bonthe",0.846,0.8483,0.7974,0.8884,0.09094,0.182
"SLE","Sierra Leone",2013,"SL2013DHS","RH_ANCN_W_N4P",2,"Southern_Moyamba",0.8197,0.8214,0.7719,0.8626,0.09065,0.1532
"SLE","Sierra Leone",2013,"SL2013DHS","RH_ANCN_W_N4P",2,"Southern_Pujehun",0.9033,0.9063,0.8546,0.9399,0.08536,0.2793
"SLE","Sierra Leone",2013,"SL2013DHS","RH_ANCN_W_N4P",2,"Western Area_Western Rural",0.8209,0.8239,0.7659,0.87,0.1041,0.1808
"SLE","Sierra Leone",2013,"SL2013DHS","RH_ANCN_W_N4P",2,"Western Area_Western Urban",0.7739,0.7757,0.7058,0.8366,0.1309,0.1757
"SLE","Sierra Leone",2013,"SL2013DHS","RH_DELA_C_SKP",1,"Eastern",0.7887,0.7887,0.7355,0.8336,0.0981,0.1411
"SLE","Sierra Leone",2013,"SL2013DHS","RH_DELA_C_SKP",1,"North Western",0.5079,0.5079,0.4527,0.5629,0.1102,0.06838
"SLE","Sierra Leone",2013,"SL2013DHS","RH_DELA_C_SKP",1,"Northern",0.4076,0.4076,0.3376,0.4814,0.1438,0.108
"SLE","Sierra Leone",2013,"SL2013DHS","RH_DELA_C_SKP",1,"Southern",0.6853,0.6853,0.6331,0.7332,0.1001,0.09698
"SLE","Sierra Leone",2013,"SL2013DHS","RH_DELA_C_SKP",1,"Western Area",0.7702,0.7702,0.6908,0.8341,0.1433,0.1899
"SLE","Sierra Leone",2013,"SL2013DHS","RH_DELA_C_SKP",2,"Eastern_Kailahun",0.8558,0.861,0.7816,0.9112,0.1296,0.2709
"SLE","Sierra Leone",2013,"SL2013DHS","RH_DELA_C_SKP",2,"Eastern_Kenema",0.8135,0.8171,0.7408,0.8741,0.1333,0.2242
"SLE","Sierra Leone",2013,"SL2013DHS","RH_DELA_C_SKP",2,"Eastern_Kono",0.6501,0.6505,0.564,0.7306,0.1666,0.149
"SLE","Sierra Leone",2013,"SL2013DHS","RH_DELA_C_SKP",2,"North Western_Kambia",0.4717,0.47,0.385,0.5614,0.1764,0.1135
"SLE","Sierra Leone",2013,"SL2013DHS","RH_DELA_C_SKP",2,"North Western_Karene",0.5933,0.5944,0.4721,0.7108,0.2387,0.1791
"SLE","Sierra Leone",2013,"SL2013DHS","RH_DELA_C_SKP",2,"North Western_Port Loko",0.509,0.5088,0.4441,0.5773,0.1333,0.08406
"SLE","Sierra Leone",2013,"SL2013DHS","RH_DELA_C_SKP",2,"Northern_Bombali",0.4788,0.4788,0.3728,0.588,0.2153,0.1389
"SLE","Sierra Leone",2013,"SL2013DHS","RH_DELA_C_SKP",2,"Northern_Falaba",0.3785,0.372,0.2378,0.5366,0.2989,0.2462
"SLE","Sierra Leone",2013,"SL2013DHS","RH_DELA_C_SKP",2,"Northern_Koinadugu",0.3549,0.3541,0.2355,0.4814,0.2458,0.2136
"SLE","Sierra Leone",2013,"SL2013DHS","RH_DELA_C_SKP",2,"Northern_Tonkolili",0.404,0.4033,0.3046,0.5093,0.2047,0.1562
"SLE","Sierra Leone",2013,"SL2013DHS","RH_DELA_C_SKP",2,"Southern_Bo",0.8132,0.8176,0.7292,0.8824,0.1532,0.2586
"SLE","Sierra Leone",2013,"SL2013DHS","RH_DELA_C_SKP",2,"Southern_Bonthe",0.7717,0.7749,0.678,0.8496,0.1716,0.2321
"SLE","Sierra Leone",2013,"SL2013DHS","RH_DELA_C_SKP",2,"Southern_Moyamba",0.4499,0.4523,0.3469,0.5456,0.1987,0.1315
"SLE","Sierra Leone",2013,"SL2013DHS","RH_DELA_C_SKP",2,"Southern_Pujehun",0.6849,0.6857,0.6129,0.7461,0.1332,0.1331
"SLE","Sierra Leone",2013,"SL2013DHS","RH_DELA_C_SKP",2,"Western Area_Western Rural",0.7013,0.7045,0.6029,0.7909,0.188,0.1984
"SLE","Sierra Leone",2013,"SL2013DHS","RH_DELA_C_SKP",2,"Western Area_Western Urban",0.7731,0.7757,0.6854,0.847,0.1616,0.2244
"SLE","Sierra Leone",2013,"SL2013DHS","RH_DELP_C_DHT",1,"Eastern",0.75,0.75,0.6928,0.7996,0.1068,0.1301
"SLE","Sierra Leone",2013,"SL2013DHS","RH_DELP_C_DHT",1,"North Western",0.4535,0.4535,0.3942,0.5142,0.1199,0.08076
"SLE","Sierra Leone",2013,"SL2013DHS","RH_DELP_C_DHT",1,"Northern",0.391,0.391,0.3207,0.4662,0.1455,0.1138
"SLE","Sierra Leone",2013,"SL2013DHS","RH_DELP_C_DHT",1,"Southern",0.6527,0.6527,0.5995,0.7024,0.1029,0.09036
"SLE","Sierra Leone",2013,"SL2013DHS","RH_DELP_C_DHT",1,"Western Area",0.6594,0.6594,0.5822,0.729,0.1469,0.1319
"SLE","Sierra Leone",2013,"SL2013DHS","RH_DELP_C_DHT",2,"Eastern_Kailahun",0.8408,0.844,0.7754,0.8954,0.12,0.2388
"SLE","Sierra Leone",2013,"SL2013DHS","RH_DELP_C_DHT",2,"Eastern_Kenema",0.7711,0.7735,0.6867,0.848,0.1613,0.2254
"SLE","Sierra Leone",2013,"SL2013DHS","RH_DELP_C_DHT",2,"Eastern_Kono",0.5861,0.5876,0.5041,0.663,0.1589,0.1174
"SLE","Sierra Leone",2013,"SL2013DHS","RH_DELP_C_DHT",2,"North Western_Kambia",0.3939,0.3926,0.3206,0.4707,0.1501,0.1196
"SLE","Sierra Leone",2013,"SL2013DHS","RH_DELP_C_DHT",2,"North Western_Karene",0.5471,0.5468,0.4021,0.6888,0.2867,0.1934
"SLE","Sierra Leone",2013,"SL2013DHS","RH_DELP_C_DHT",2,"North Western_Port Loko",0.4595,0.4591,0.3825,0.5357,0.1532,0.1034
"SLE","Sierra Leone",2013,"SL2013DHS","RH_DELP_C_DHT",2,"Northern_Bombali",0.4517,0.4491,0.3412,0.5648,0.2237,0.149
"SLE","Sierra Leone",2013,"SL2013DHS","RH_DELP_C_DHT",2,"Northern_Falaba",0.3745,0.3713,0.2356,0.5256,0.2899,0.2438
"SLE","Sierra Leone",2013,"SL2013DHS","RH_DELP_C_DHT",2,"Northern_Koinadugu",0.3419,0.3404,0.2171,0.4679,0.2508,0.2156
"SLE","Sierra Leone",2013,"SL2013DHS","RH_DELP_C_DHT",2,"Northern_Tonkolili",0.3802,0.3777,0.2775,0.4962,0.2187,0.1719
"SLE","Sierra Leone",2013,"SL2013DHS","RH_DELP_C_DHT",2,"Southern_Bo",0.7868,0.7889,0.7057,0.8588,0.1531,0.2179
"SLE","Sierra Leone",2013,"SL2013DHS","RH_DELP_C_DHT",2,"Southern_Bonthe",0.7561,0.7587,0.669,0.8289,0.16,0.2066
"SLE","Sierra Leone",2013,"SL2013DHS","RH_DELP_C_DHT",2,"Southern_Moyamba",0.4084,0.4071,0.3136,0.5052,0.1916,0.1451
"SLE","Sierra Leone",2013,"SL2013DHS","RH_DELP_C_DHT",2,"Southern_Pujehun",0.6586,0.6599,0.5793,0.7321,0.1528,0.1361
"SLE","Sierra Leone",2013,"SL2013DHS","RH_DELP_C_DHT",2,"Western Area_Western Rural",0.6333,0.6338,0.5422,0.7204,0.1782,0.148
"SLE","Sierra Leone",2013,"SL2013DHS","RH_DELP_C_DHT",2,"Western Area_Western Urban",0.6662,0.6675,0.5828,0.7425,0.1597,0.1495
"SLE","Sierra Leone",2013,"SL2013DHS","RH_DELP_C_PUT",1,"Eastern",0.7357,0.7357,0.6772,0.787,0.1098,0.1266
"SLE","Sierra Leone",2013,"SL2013DHS","RH_DELP_C_PUT",1,"North Western",0.4482,0.4482,0.3897,0.5081,0.1184,0.08068
"SLE","Sierra Leone",2013,"SL2013DHS","RH_DELP_C_PUT",1,"Northern",0.383,0.383,0.3133,0.4578,0.1446,0.1155
"SLE","Sierra Leone",2013,"SL2013DHS","RH_DELP_C_PUT",1,"Southern",0.6453,0.6453,0.5922,0.695,0.1028,0.08835
"SLE","Sierra Leone",2013,"SL2013DHS","RH_DELP_C_PUT",1,"Western Area",0.5683,0.5683,0.4964,0.6375,0.1411,0.1
"SLE","Sierra Leone",2013,"SL2013DHS","RH_DELP_C_PUT",2,"Eastern_Kailahun",0.839,0.8428,0.7684,0.8972,0.1288,0.2474
"SLE","Sierra Leone",2013,"SL2013DHS","RH_DELP_C_PUT",2,"Eastern_Kenema",0.7483,0.7537,0.6541,0.8275,0.1734,0.2175
"SLE","Sierra Leone",2013,"SL2013DHS","RH_DELP_C_PUT",2,"Eastern_Kono",0.5747,0.5763,0.4924,0.6499,0.1574,0.1138
"SLE","Sierra Leone",2013,"SL2013DHS","RH_DELP_C_PUT",2,"North Western_Kambia",0.3913,0.3893,0.314,0.4716,0.1576,0.1252
"SLE","Sierra Leone",2013,"SL2013DHS","RH_DELP_C_PUT",2,"North Western_Karene",0.5373,0.5373,0.4061,0.678,0.2718,0.1752
"SLE","Sierra Leone",2013,"SL2013DHS","RH_DELP_C_PUT",2,"North Western_Port Loko",0.4564,0.4551,0.3851,0.5304,0.1453,0.09734
"SLE","Sierra Leone",2013,"SL2013DHS","RH_DELP_C_PUT",2,"Northern_Bombali",0.4429,0.442,0.3437,0.5466,0.2029,0.1396
"SLE","Sierra Leone",2013,"SL2013DHS","RH_DELP_C_PUT",2,"Northern_Falaba",0.3747,0.3707,0.2329,0.5386,0.3057,0.2474
"SLE","Sierra Leone",2013,"SL2013DHS","RH_DELP_C_PUT",2,"Northern_Koinadugu",0.335,0.3328,0.225,0.4551,0.2302,0.2162
"SLE","Sierra Leone",2013,"SL2013DHS","RH_DELP_C_PUT",2,"Northern_Tonkolili",0.3743,0.3718,0.2793,0.4793,0.2001,0.1684
"SLE","Sierra Leone",2013,"SL2013DHS","RH_DELP_C_PUT",2,"Southern_Bo",0.7777,0.7812,0.6974,0.85,0.1526,0.2133
"SLE","Sierra Leone",2013,"SL2013DHS","RH_DELP_C_PUT",2,"Southern_Bonthe",0.7503,0.7553,0.6609,0.8268,0.1659,0.206
"SLE","Sierra Leone",2013,"SL2013DHS","RH_DELP_C_PUT",2,"Southern_Moyamba",0.4062,0.4057,0.3148,0.502,0.1872,0.1385
"SLE","Sierra Leone",2013,"SL2013DHS","RH_DELP_C_PUT",2,"Southern_Pujehun",0.6512,0.653,0.5726,0.7216,0.149,0.1326
"SLE","Sierra Leone",2013,"SL2013DHS","RH_DELP_C_PUT",2,"Western Area_Western Rural",0.599,0.6019,0.4989,0.6893,0.1904,0.1437
"SLE","Sierra Leone",2013,"SL2013DHS","RH_DELP_C_PUT",2,"Western Area_Western Urban",0.5613,0.5611,0.4825,0.6394,0.1569,0.1072
"SLE","Sierra Leone",2013,"SL2013DHS","RH_DELP_C_PRT",1,"Eastern",0.0143,0.0143,0.007377,0.02753,0.02015,0.4007
"SLE","Sierra Leone",2013,"SL2013DHS","RH_DELP_C_PRT",1,"North Western",0.005345,0.005345,0.002534,0.01124,0.008705,0.453
"SLE","Sierra Leone",2013,"SL2013DHS","RH_DELP_C_PRT",1,"Northern",0.008067,0.008067,0.004861,0.01336,0.008498,0.3074
"SLE","Sierra Leone",2013,"SL2013DHS","RH_DELP_C_PRT",1,"Southern",0.007441,0.007441,0.004618,0.01197,0.007351,0.2896
"SLE","Sierra Leone",2013,"SL2013DHS","RH_DELP_C_PRT",1,"Western Area",0.09108,0.09108,0.05284,0.1525,0.09968,0.3236
"SLE","Sierra Leone",2013,"SL2013DHS","RH_DELP_C_PRT",2,"Eastern_Kailahun",0.007713,0.006306,0.001837,0.01834,0.0165,0.8796
"SLE","Sierra Leone",2013,"SL2013DHS","RH_DELP_C_PRT",2,"Eastern_Kenema",0.01965,0.018,0.009093,0.03568,0.02659,0.4693
"SLE","Sierra Leone",2013,"SL2013DHS","RH_DELP_C_PRT",2,"Eastern_Kono",0.01308,0.01138,0.004213,0.02802,0.02381,0.7319
"SLE","Sierra Leone",2013,"SL2013DHS","RH_DELP_C_PRT",2,"North Western_Kambia",0.005609,0.004669,0.001823,0.01256,0.01074,0.7832
"SLE","Sierra Leone",2013,"SL2013DHS","RH_DELP_C_PRT",2,"North Western_Karene",0.005947,0.004972,0.001788,0.01278,0.01099,0.7835
"SLE","Sierra Leone",2013,"SL2013DHS","RH_DELP_C_PRT",2,"North Western_Port Loko",0.00679,0.006038,0.002997,0.01285,0.009848,0.5358
"SLE","Sierra Leone",2013,"SL2013DHS","RH_DELP_C_PRT",2,"Northern_Bombali",0.008699,0.007772,0.003892,0.01683,0.01294,0.5194
"SLE","Sierra Leone",2013,"SL2013DHS","RH_DELP_C_PRT",2,"Northern_Falaba",0.00303,0.002396,0.0006189,0.007845,0.007226,1.014
"SLE","Sierra Leone",2013,"SL2013DHS","RH_DELP_C_PRT",2,"Northern_Koinadugu",0.007987,0.007157,0.003184,0.01532,0.01213,0.5779
"SLE","Sierra Leone",2013,"SL2013DHS","RH_DELP_C_PRT",2,"Northern_Tonkolili",0.00827,0.007579,0.003932,0.01493,0.011,0.459
"SLE","Sierra Leone",2013,"SL2013DHS","RH_DELP_C_PRT",2,"Southern_Bo",0.01156,0.01071,0.006115,0.01963,0.01352,0.4138
"SLE","Sierra Leone",2013,"SL2013DHS","RH_DELP_C_PRT",2,"Southern_Bonthe",0.007406,0.0063,0.002358,0.01588,0.01352,0.7556
"SLE","Sierra Leone",2013,"SL2013DHS","RH_DELP_C_PRT",2,"Southern_Moyamba",0.005399,0.00473,0.001859,0.0116,0.009746,0.6649
"SLE","Sierra Leone",2013,"SL2013DHS","RH_DELP_C_PRT",2,"Southern_Pujehun",0.006688,0.005671,0.001974,0.01455,0.01258,0.7546
"SLE","Sierra Leone",2013,"SL2013DHS","RH_DELP_C_PRT",2,"Western Area_Western Rural",0.03414,0.03221,0.0176,0.05651,0.03892,0.3853
"SLE","Sierra Leone",2013,"SL2013DHS","RH_DELP_C_PRT",2,"Western Area_Western Urban",0.09177,0.08814,0.05047,0.1513,0.1008,0.3496
"SLE","Sierra Leone",2013,"SL2013DHS","RH_DELP_C_HOT",1,"Eastern",0.2451,0.2451,0.1962,0.3015,0.1053,0.1309
"SLE","Sierra Leone",2013,"SL2013DHS","RH_DELP_C_HOT",1,"North Western",0.5433,0.5433,0.4835,0.6019,0.1184,0.07917
"SLE","Sierra Leone",2013,"SL2013DHS","RH_DELP_C_HOT",1,"Northern",0.6043,0.6043,0.5297,0.6743,0.1446,0.1118
"SLE","Sierra Leone",2013,"SL2013DHS","RH_DELP_C_HOT",1,"Southern",0.3418,0.3418,0.2923,0.3951,0.1029,0.09175
"SLE","Sierra Leone",2013,"SL2013DHS","RH_DELP_C_HOT",1,"Western Area",0.3396,0.3396,0.27,0.4169,0.1469,0.1323
"SLE","Sierra Leone",2013,"SL2013DHS","RH_DELP_C_HOT",2,"Eastern_Kailahun",0.1586,0.155,0.1035,0.2264,0.1229,0.2412
"SLE","Sierra Leone",2013,"SL2013DHS","RH_DELP_C_HOT",2,"Eastern_Kenema",0.2208,0.2154,0.1507,0.3067,0.156,0.2248
"SLE","Sierra Leone",2013,"SL2013DHS","RH_DELP_C_HOT",2,"Eastern_Kono",0.4131,0.4126,0.3424,0.4877,0.1453,0.1096
"SLE","Sierra Leone",2013,"SL2013DHS","RH_DELP_C_HOT",2,"North Western_Kambia",0.6043,0.6071,0.5258,0.6778,0.152,0.1207
"SLE","Sierra Leone",2013,"SL2013DHS","RH_DELP_C_HOT",2,"North Western_Karene",0.4501,0.4479,0.3126,0.5833,0.2707,0.1853
"SLE","Sierra Leone",2013,"SL2013DHS","RH_DELP_C_HOT",2,"North Western_Port Loko",0.5349,0.5362,0.4659,0.6045,0.1386,0.09435
"SLE","Sierra Leone",2013,"SL2013DHS","RH_DELP_C_HOT",2,"Northern_Bombali",0.5467,0.5473,0.4332,0.6514,0.2181,0.1441
"SLE","Sierra Leone",2013,"SL2013DHS","RH_DELP_C_HOT",2,"Northern_Falaba",0.6179,0.6238,0.4521,0.7651,0.313,0.2533
"SLE","Sierra Leone",2013,"SL2013DHS","RH_DELP_C_HOT",2,"Northern_Koinadugu",0.6467,0.6518,0.5197,0.7664,0.2467,0.2194
"SLE","Sierra Leone",2013,"SL2013DHS","RH_DELP_C_HOT",2,"Northern_Tonkolili",0.6062,0.6081,0.5009,0.7134,0.2125,0.1632
"SLE","Sierra Leone",2013,"SL2013DHS","RH_DELP_C_HOT",2,"Southern_Bo",0.2123,0.209,0.1395,0.2983,0.1589,0.2303
"SLE","Sierra Leone",2013,"SL2013DHS","RH_DELP_C_HOT",2,"Southern_Bonthe",0.2381,0.2374,0.1655,0.3193,0.1538,0.1966
"SLE","Sierra Leone",2013,"SL2013DHS","RH_DELP_C_HOT",2,"Southern_Moyamba",0.5791,0.5811,0.4833,0.6699,0.1866,0.1386
"SLE","Sierra Leone",2013,"SL2013DHS","RH_DELP_C_HOT",2,"Southern_Pujehun",0.3401,0.3391,0.2662,0.4145,0.1483,0.1361
"SLE","Sierra Leone",2013,"SL2013DHS","RH_DELP_C_HOT",2,"Western Area_Western Rural",0.363,0.3591,0.278,0.4531,0.175,0.1482
"SLE","Sierra Leone",2013,"SL2013DHS","RH_DELP_C_HOT",2,"Western Area_Western Urban",0.3372,0.3341,0.257,0.4175,0.1605,0.1482
"SLE","Sierra Leone",2013,"SL2013DHS","RH_PCCT_C_DY2",1,"Eastern",0.4067,0.4067,0.3509,0.4649,0.1139,0.08551
"SLE","Sierra Leone",2013,"SL2013DHS","RH_PCCT_C_DY2",1,"North Western",0.3412,0.3412,0.2764,0.4125,0.1361,0.1219
"SLE","Sierra Leone",2013,"SL2013DHS","RH_PCCT_C_DY2",1,"Northern",0.3168,0.3168,0.2711,0.3662,0.09506,0.09145
"SLE","Sierra Leone",2013,"SL2013DHS","RH_PCCT_C_DY2",1,"Southern",0.4234,0.4234,0.3744,0.4739,0.09953,0.07169
"SLE","Sierra Leone",2013,"SL2013DHS","RH_PCCT_C_DY2",1,"Western Area",0.4842,0.4842,0.4033,0.5658,0.1625,0.1029
"SLE","Sierra Leone",2013,"SL2013DHS","RH_PCCT_C_DY2",2,"Eastern_Kailahun",0.3636,0.3631,0.3028,0.4296,0.1269,0.1112
"SLE","Sierra Leone",2013,"SL2013DHS","RH_PCCT_C_DY2",2,"Eastern_Kenema",0.5326,0.5342,0.4392,0.6259,0.1867,0.1225
"SLE","Sierra Leone",2013,"SL2013DHS","RH_PCCT_C_DY2",2,"Eastern_Kono",0.2195,0.2174,0.1516,0.2976,0.146,0.209
"SLE","Sierra Leone",2013,"SL2013DHS","RH_PCCT_C_DY2",2,"North Western_Kambia",0.4142,0.412,0.2703,0.5641,0.2938,0.2173
"SLE","Sierra Leone",2013,"SL2013DHS","RH_PCCT_C_DY2",2,"North Western_Karene",0.4375,0.4341,0.3497,0.5329,0.1831,0.1263
"SLE","Sierra Leone",2013,"SL2013DHS","RH_PCCT_C_DY2",2,"North Western_Port Loko",0.3055,0.3042,0.2417,0.3803,0.1386,0.1404
"SLE","Sierra Leone",2013,"SL2013DHS","RH_PCCT_C_DY2",2,"Northern_Bombali",0.3932,0.3921,0.3224,0.4584,0.136,0.109
"SLE","Sierra Leone",2013,"SL2013DHS","RH_PCCT_C_DY2",2,"Northern_Falaba",0.4385,0.4374,0.3233,0.555,0.2317,0.1586
"SLE","Sierra Leone",2013,"SL2013DHS","RH_PCCT_C_DY2",2,"Northern_Koinadugu",0.2605,0.253,0.1622,0.3764,0.2142,0.2713
"SLE","Sierra Leone",2013,"SL2013DHS","RH_PCCT_C_DY2",2,"Northern_Tonkolili",0.2698,0.2676,0.2089,0.3355,0.1265,0.1451
"SLE","Sierra Leone",2013,"SL2013DHS","RH_PCCT_C_DY2",2,"Southern_Bo",0.5157,0.5154,0.4496,0.5842,0.1346,0.08397
"SLE","Sierra Leone",2013,"SL2013DHS","RH_PCCT_C_DY2",2,"Southern_Bonthe",0.2174,0.2126,0.1421,0.3079,0.1658,0.2406
"SLE","Sierra Leone",2013,"SL2013DHS","RH_PCCT_C_DY2",2,"Southern_Moyamba",0.2096,0.2075,0.1523,0.2724,0.1201,0.1708
"SLE","Sierra Leone",2013,"SL2013DHS","RH_PCCT_C_DY2",2,"Southern_Pujehun",0.6633,0.6693,0.5337,0.7812,0.2474,0.2269
"SLE","Sierra Leone",2013,"SL2013DHS","RH_PCCT_C_DY2",2,"Western Area_Western Rural",0.283,0.2814,0.2155,0.3598,0.1443,0.1574
"SLE","Sierra Leone",2013,"SL2013DHS","RH_PCCT_C_DY2",2,"Western Area_Western Urban",0.5181,0.5198,0.4216,0.6122,0.1906,0.1213
"SLE","Sierra Leone",2013,"SL2013DHS","CH_VACC_C_MSL",1,"Eastern",0.8457,0.8457,0.8011,0.8818,0.08078,0.1586
"SLE","Sierra Leone",2013,"SL2013DHS","CH_VACC_C_MSL",1,"North Western",0.7218,0.7218,0.6671,0.7706,0.1035,0.1133
"SLE","Sierra Leone",2013,"SL2013DHS","CH_VACC_C_MSL",1,"Northern",0.7465,0.7465,0.6924,0.7938,0.1015,0.1218
"SLE","Sierra Leone",2013,"SL2013DHS","CH_VACC_C_MSL",1,"Southern",0.8276,0.8276,0.7843,0.8637,0.07944,0.1398
"SLE","Sierra Leone",2013,"SL2013DHS","CH_VACC_C_MSL",1,"Western Area",0.7626,0.7626,0.6903,0.8224,0.1321,0.1695
"SLE","Sierra Leone",2013,"SL2013DHS","CH_VACC_C_MSL",2,"Eastern_Kailahun",0.86,0.8608,0.8075,0.9103,0.1028,0.2234
"SLE","Sierra Leone",2013,"SL2013DHS","CH_VACC_C_MSL",2,"Eastern_Kenema",0.8365,0.8377,0.7889,0.8804,0.09156,0.1743
"SLE","Sierra Leone",2013,"SL2013DHS","CH_VACC_C_MSL",2,"Eastern_Kono",0.8403,0.8424,0.7807,0.8899,0.1091,0.2109
"SLE","Sierra Leone",2013,"SL2013DHS","CH_VACC_C_MSL",2,"North Western_Kambia",0.7257,0.7273,0.6609,0.7853,0.1243,0.1436
"SLE","Sierra Leone",2013,"SL2013DHS","CH_VACC_C_MSL",2,"North Western_Karene",0.7073,0.7147,0.6189,0.7793,0.1604,0.173
"SLE","Sierra Leone",2013,"SL2013DHS","CH_VACC_C_MSL",2,"North Western_Port Loko",0.722,0.7234,0.6635,0.7752,0.1116,0.1228
"SLE","Sierra Leone",2013,"SL2013DHS","CH_VACC_C_MSL",2,"Northern_Bombali",0.7768,0.7768,0.7226,0.8275,0.1049,0.144
"SLE","Sierra Leone",2013,"SL2013DHS","CH_VACC_C_MSL",2,"Northern_Falaba",0.7739,0.7729,0.721,0.8324,0.1114,0.1526
"SLE","Sierra Leone",2013,"SL2013DHS","CH_VACC_C_MSL",2,"Northern_Koinadugu",0.7491,0.7546,0.6685,0.8085,0.14,0.1774
"SLE","Sierra Leone",2013,"SL2013DHS","CH_VACC_C_MSL",2,"Northern_Tonkolili",0.7493,0.753,0.6833,0.8013,0.118,0.1424
"SLE","Sierra Leone",2013,"SL2013DHS","CH_VACC_C_MSL",2,"Southern_Bo",0.8345,0.8358,0.7875,0.8755,0.08802,0.163
"SLE","Sierra Leone",2013,"SL2013DHS","CH_VACC_C_MSL",2,"Southern_Bonthe",0.8476,0.8472,0.798,0.9031,0.1051,0.2097
"SLE","Sierra Leone",2013,"SL2013DHS","CH_VACC_C_MSL",2,"Southern_Moyamba",0.8197,0.823,0.7685,0.8611,0.09254,0.1644
"SLE","Sierra Leone",2013,"SL2013DHS","CH_VACC_C_MSL",2,"Southern_Pujehun",0.8225,0.8253,0.7647,0.8689,0.1041,0.185
"SLE","Sierra Leone",2013,"SL2013DHS","CH_VACC_C_MSL",2,"Western Area_Western Rural",0.7646,0.767,0.7145,0.8104,0.09593,0.1279
"SLE","Sierra Leone",2013,"SL2013DHS","CH_VACC_C_MSL",2,"Western Area_Western Urban",0.7607,0.7618,0.7011,0.8137,0.1126,0.1452
"SLE","Sierra Leone",2013,"SL2013DHS","CH_VACC_C_DP3",1,"Eastern",0.842,0.842,0.8024,0.8749,0.07258,0.1393
"SLE","Sierra Leone",2013,"SL2013DHS","CH_VACC_C_DP3",1,"North Western",0.7042,0.7042,0.6476,0.7551,0.1075,0.1108
"SLE","Sierra Leone",2013,"SL2013DHS","CH_VACC_C_DP3",1,"Northern",0.7415,0.7415,0.6804,0.7945,0.1141,0.1344
"SLE","Sierra Leone",2013,"SL2013DHS","CH_VACC_C_DP3",1,"Southern",0.8637,0.8637,0.8271,0.8936,0.06641,0.1476
"SLE","Sierra Leone",2013,"SL2013DHS","CH_VACC_C_DP3",1,"Western Area",0.6908,0.6908,0.6103,0.7612,0.1509,0.1492
"SLE","Sierra Leone",2013,"SL2013DHS","CH_VACC_C_DP3",2,"Eastern_Kailahun",0.8736,0.8746,0.8324,0.9065,0.07414,0.1795
"SLE","Sierra Leone",2013,"SL2013DHS","CH_VACC_C_DP3",2,"Eastern_Kenema",0.8371,0.8411,0.7822,0.8794,0.09716,0.1923
"SLE","Sierra Leone",2013,"SL2013DHS","CH_VACC_C_DP3",2,"Eastern_Kono",0.8186,0.8218,0.7581,0.8665,0.1085,0.1854
"SLE","Sierra Leone",2013,"SL2013DHS","CH_VACC_C_DP3",2,"North Western_Kambia",0.6348,0.6383,0.5531,0.7074,0.1544,0.126
"SLE","Sierra Leone",2013,"SL2013DHS","CH_VACC_C_DP3",2,"North Western_Karene",0.69,0.693,0.6034,0.7718,0.1684,0.1726
"SLE","Sierra Leone",2013,"SL2013DHS","CH_VACC_C_DP3",2,"North Western_Port Loko",0.7184,0.7189,0.6485,0.785,0.1365,0.1471
"SLE","Sierra Leone",2013,"SL2013DHS","CH_VACC_C_DP3",2,"Northern_Bombali",0.8222,0.8248,0.7438,0.8903,0.1465,0.2512
"SLE","Sierra Leone",2013,"SL2013DHS","CH_VACC_C_DP3",2,"Northern_Falaba",0.76,0.7628,0.6622,0.8466,0.1844,0.2375
"SLE","Sierra Leone",2013,"SL2013DHS","CH_VACC_C_DP3",2,"Northern_Koinadugu",0.7238,0.7293,0.6109,0.8151,0.2042,0.2271
"SLE","Sierra Leone",2013,"SL2013DHS","CH_VACC_C_DP3",2,"Northern_Tonkolili",0.7217,0.7243,0.6452,0.7862,0.141,0.1575
"SLE","Sierra Leone",2013,"SL2013DHS","CH_VACC_C_DP3",2,"Southern_Bo",0.8854,0.8874,0.8312,0.9318,0.1006,0.2736
"SLE","Sierra Leone",2013,"SL2013DHS","CH_VACC_C_DP3",2,"Southern_Bonthe",0.8367,0.8421,0.763,0.8914,0.1284,0.2588
"SLE","Sierra Leone",2013,"SL2013DHS","CH_VACC_C_DP3",2,"Southern_Moyamba",0.8213,0.8241,0.7527,0.8746,0.1219,0.2093
"SLE","Sierra Leone",2013,"SL2013DHS","CH_VACC_C_DP3",2,"Southern_Pujehun",0.8642,0.8651,0.8243,0.9012,0.07691,0.177
"SLE","Sierra Leone",2013,"SL2013DHS","CH_VACC_C_DP3",2,"Western Area_Western Rural",0.7078,0.7095,0.6229,0.7875,0.1646,0.1743
"SLE","Sierra Leone",2013,"SL2013DHS","CH_VACC_C_DP3",2,"Western Area_Western Urban",0.6876,0.6881,0.6056,0.7626,0.157,0.153
"SLE","Sierra Leone",2013,"SL2013DHS","CH_VACC_C_NON",1,"Eastern",0.01552,0.01552,0.006553,0.0363,0.02975,0.5214
"SLE","Sierra Leone",2013,"SL2013DHS","CH_VACC_C_NON",1,"North Western",0.061,0.061,0.03922,0.09368,0.05446,0.2652
"SLE","Sierra Leone",2013,"SL2013DHS","CH_VACC_C_NON",1,"Northern",0.02733,0.02733,0.0166,0.04469,0.0281,0.3015
"SLE","Sierra Leone",2013,"SL2013DHS","CH_VACC_C_NON",1,"Southern",0.02721,0.02721,0.01312,0.0556,0.04248,0.4401
"SLE","Sierra Leone",2013,"SL2013DHS","CH_VACC_C_NON",1,"Western Area",0.05755,0.05755,0.02865,0.1122,0.08359,0.417
"SLE","Sierra Leone",2013,"SL2013DHS","CH_VACC_C_NON",2,"Eastern_Kailahun",0.01577,0.01379,0.00599,0.03257,0.02658,0.6369
"SLE","Sierra Leone",2013,"SL2013DHS","CH_VACC_C_NON",2,"Eastern_Kenema",0.01628,0.01423,0.006328,0.03423,0.0279,0.6227
"SLE","Sierra Leone",2013,"SL2013DHS","CH_VACC_C_NON",2,"Eastern_Kono",0.01542,0.01351,0.005627,0.03205,0.02642,0.6625
"SLE","Sierra Leone",2013,"SL2013DHS","CH_VACC_C_NON",2,"North Western_Kambia",0.06752,0.06492,0.04034,0.1023,0.06195,0.2942
"SLE","Sierra Leone",2013,"SL2013DHS","CH_VACC_C_NON",2,"North Western_Karene",0.06928,0.06533,0.04032,0.1113,0.071,0.3465
"SLE","Sierra Leone",2013,"SL2013DHS","CH_VACC_C_NON",2,"North Western_Port Loko",0.0647,0.06228,0.03923,0.09555,0.05631,0.2909
"SLE","Sierra Leone",2013,"SL2013DHS","CH_VACC_C_NON",2,"Northern_Bombali",0.0329,0.03145,0.01828,0.05174,0.03346,0.3416
"SLE","Sierra Leone",2013,"SL2013DHS","CH_VACC_C_NON",2,"Northern_Falaba",0.03437,0.03315,0.01869,0.05416,0.03547,0.3431
"SLE","Sierra Leone",2013,"SL2013DHS","CH_VACC_C_NON",2,"Northern_Koinadugu",0.0351,0.03392,0.02085,0.0545,0.03365,0.3026
"SLE","Sierra Leone",2013,"SL2013DHS","CH_VACC_C_NON",2,"Northern_Tonkolili",0.03337,0.03223,0.01947,0.05231,0.03284,0.3069
"SLE","Sierra Leone",2013,"SL2013DHS","CH_VACC_C_NON",2,"Southern_Bo",0.02899,0.02681,0.01347,0.0494,0.03593,0.46
"SLE","Sierra Leone",2013,"SL2013DHS","CH_VACC_C_NON",2,"Southern_Bonthe",0.02827,0.02595,0.01299,0.05,0.03701,0.4473
"SLE","Sierra Leone",2013,"SL2013DHS","CH_VACC_C_NON",2,"Southern_Moyamba",0.03,0.02759,0.01374,0.05093,0.03719,0.4492
"SLE","Sierra Leone",2013,"SL2013DHS","CH_VACC_C_NON",2,"Southern_Pujehun",0.02994,0.0276,0.01474,0.05181,0.03708,0.434
"SLE","Sierra Leone",2013,"SL2013DHS","CH_VACC_C_NON",2,"Western Area_Western Rural",0.04719,0.04475,0.02383,0.07671,0.05288,0.3797
"SLE","Sierra Leone",2013,"SL2013DHS","CH_VACC_C_NON",2,"Western Area_Western Urban",0.05121,0.0479,0.02674,0.08596,0.05922,0.3861
"SLE","Sierra Leone",2013,"SL2013DHS","ML_NETC_C_ITN",1,"Eastern",0.4899,0.4899,0.4596,0.5203,0.06071,0.03771
"SLE","Sierra Leone",2013,"SL2013DHS","ML_NETC_C_ITN",1,"North Western",0.4858,0.4858,0.4377,0.5342,0.09653,0.06059
"SLE","Sierra Leone",2013,"SL2013DHS","ML_NETC_C_ITN",1,"Northern",0.4689,0.4689,0.4271,0.5112,0.08403,0.0546
"SLE","Sierra Leone",2013,"SL2013DHS","ML_NETC_C_ITN",1,"Southern",0.6266,0.6266,0.5966,0.6558,0.05917,0.04823
"SLE","Sierra Leone",2013,"SL2013DHS","ML_NETC_C_ITN",1,"Western Area",0.2655,0.2655,0.2303,0.3039,0.07364,0.08442
"SLE","Sierra Leone",2013,"SL2013DHS","ML_NETC_C_ITN",2,"Eastern_Kailahun",0.4988,0.4974,0.4369,0.5654,0.1285,0.07927
"SLE","Sierra Leone",2013,"SL2013DHS","ML_NETC_C_ITN",2,"Eastern_Kenema",0.5389,0.539,0.5031,0.5742,0.07108,0.0481
"SLE","Sierra Leone",2013,"SL2013DHS","ML_NETC_C_ITN",2,"Eastern_Kono",0.3995,0.3998,0.3606,0.4403,0.07977,0.06157
"SLE","Sierra Leone",2013,"SL2013DHS","ML_NETC_C_ITN",2,"North Western_Kambia",0.4728,0.4728,0.4089,0.5366,0.1278,0.08295
"SLE","Sierra Leone",2013,"SL2013DHS","ML_NETC_C_ITN",2,"North Western_Karene",0.4854,0.4842,0.4012,0.5732,0.172,0.1092
"SLE","Sierra Leone",2013,"SL2013DHS","ML_NETC_C_ITN",2,"North Western_Port Loko",0.4903,0.4913,0.4265,0.554,0.1275,0.07863
"SLE","Sierra Leone",2013,"SL2013DHS","ML_NETC_C_ITN",2,"Northern_Bombali",0.503,0.5045,0.4362,0.5645,0.1283,0.08096
"SLE","Sierra Leone",2013,"SL2013DHS","ML_NETC_C_ITN",2,"Northern_Falaba",0.6304,0.6321,0.5147,0.7445,0.2298,0.1936
"SLE","Sierra Leone",2013,"SL2013DHS","ML_NETC_C_ITN",2,"Northern_Koinadugu",0.6099,0.6101,0.5366,0.6811,0.1445,0.1133
"SLE","Sierra Leone",2013,"SL2013DHS","ML_NETC_C_ITN",2,"Northern_Tonkolili",0.373,0.3708,0.3135,0.4335,0.12,0.1003
"SLE","Sierra Leone",2013,"SL2013DHS","ML_NETC_C_ITN",2,"Southern_Bo",0.5967,0.5965,0.5645,0.6299,0.06539,0.05139
"SLE","Sierra Leone",2013,"SL2013DHS","ML_NETC_C_ITN",2,"Southern_Bonthe",0.5751,0.5757,0.5034,0.6408,0.1374,0.09825
"SLE","Sierra Leone",2013,"SL2013DHS","ML_NETC_C_ITN",2,"Southern_Moyamba",0.5965,0.597,0.5452,0.6479,0.1027,0.07489
"SLE","Sierra Leone",2013,"SL2013DHS","ML_NETC_C_ITN",2,"Southern_Pujehun",0.7335,0.7362,0.6549,0.8063,0.1514,0.1742
"SLE","Sierra Leone",2013,"SL2013DHS","ML_NETC_C_ITN",2,"Western Area_Western Rural",0.3192,0.3157,0.2505,0.4002,0.1497,0.1476
"SLE","Sierra Leone",2013,"SL2013DHS","ML_NETC_C_ITN",2,"Western Area_Western Urban",0.2539,0.2539,0.2139,0.2932,0.07925,0.0925
"SLE","Sierra Leone",2013,"SL2013DHS","CH_DIAT_C_ORT",1,"Eastern",0.869,0.869,0.8209,0.9056,0.08466,0.195
"SLE","Sierra Leone",2013,"SL2013DHS","CH_DIAT_C_ORT",1,"North Western",0.8023,0.8023,0.7496,0.8462,0.09658,0.1484
"SLE","Sierra Leone",2013,"SL2013DHS","CH_DIAT_C_ORT",1,"Northern",0.8673,0.8673,0.8302,0.8974,0.06718,0.1533
"SLE","Sierra Leone",2013,"SL2013DHS","CH_DIAT_C_ORT",1,"Southern",0.9028,0.9028,0.8686,0.9289,0.06023,0.1867
"SLE","Sierra Leone",2013,"SL2013DHS","CH_DIAT_C_ORT",1,"Western Area",0.8905,0.8905,0.8404,0.9263,0.08584,0.2353
"SLE","Sierra Leone",2013,"SL2013DHS","CH_DIAT_C_ORT",2,"Eastern_Kailahun",0.8416,0.8485,0.7648,0.8989,0.1341,0.2832
"SLE","Sierra Leone",2013,"SL2013DHS","CH_DIAT_C_ORT",2,"Eastern_Kenema",0.8563,0.8601,0.7951,0.907,0.1119,0.2512
"SLE","Sierra Leone",2013,"SL2013DHS","CH_DIAT_C_ORT",2,"Eastern_Kono",0.8961,0.8981,0.8463,0.9411,0.09479,0.2918
"SLE","Sierra Leone",2013,"SL2013DHS","CH_DIAT_C_ORT",2,"North Western_Kambia",0.8264,0.8278,0.7749,0.8751,0.1002,0.1792
"SLE","Sierra Leone",2013,"SL2013DHS","CH_DIAT_C_ORT",2,"North Western_Karene",0.8254,0.8266,0.7405,0.8993,0.1588,0.2872
"SLE","Sierra Leone",2013,"SL2013DHS","CH_DIAT_C_ORT",2,"North Western_Port Loko",0.7926,0.7958,0.7273,0.8471,0.1198,0.1768
"SLE","Sierra Leone",2013,"SL2013DHS","CH_DIAT_C_ORT",2,"Northern_Bombali",0.8695,0.8705,0.7973,0.9416,0.1442,0.3473
"SLE","Sierra Leone",2013,"SL2013DHS","CH_DIAT_C_ORT",2,"Northern_Falaba",0.7915,0.7963,0.7248,0.8409,0.1161,0.1771
"SLE","Sierra Leone",2013,"SL2013DHS","CH_DIAT_C_ORT",2,"Northern_Koinadugu",0.8267,0.8281,0.7928,0.8575,0.06471,0.1155
"SLE","Sierra Leone",2013,"SL2013DHS","CH_DIAT_C_ORT",2,"Northern_Tonkolili",0.8624,0.864,0.7997,0.9203,0.1206,0.2766
"SLE","Sierra Leone",2013,"SL2013DHS","CH_DIAT_C_ORT",2,"Southern_Bo",0.9123,0.9149,0.8605,0.9554,0.09484,0.338
"SLE","Sierra Leone",2013,"SL2013DHS","CH_DIAT_C_ORT",2,"Southern_Bonthe",0.9039,0.9094,0.8344,0.9573,0.1229,0.4227
"SLE","Sierra Leone",2013,"SL2013DHS","CH_DIAT_C_ORT",2,"Southern_Moyamba",0.8823,0.8831,0.8367,0.921,0.08426,0.2211
"SLE","Sierra Leone",2013,"SL2013DHS","CH_DIAT_C_ORT",2,"Southern_Pujehun",0.8887,0.8932,0.8308,0.9333,0.1026,0.2936
"SLE","Sierra Leone",2013,"SL2013DHS","CH_DIAT_C_ORT",2,"Western Area_Western Rural",0.8877,0.8959,0.7964,0.9516,0.1552,0.4749
"SLE","Sierra Leone",2013,"SL2013DHS","CH_DIAT_C_ORT",2,"Western Area_Western Urban",0.8878,0.8904,0.8395,0.9264,0.08693,0.2448
"SLE","Sierra Leone",2013,"SL2013DHS","ED_LITR_W_LIT",1,"Eastern",0.3025,0.3025,0.2745,0.332,0.05742,0.05776
"SLE","Sierra Leone",2013,"SL2013DHS","ED_LITR_W_LIT",1,"North Western",0.2604,0.2604,0.2297,0.2937,0.06407,0.07483
"SLE","Sierra Leone",2013,"SL2013DHS","ED_LITR_W_LIT",1,"Northern",0.3004,0.3004,0.265,0.3384,0.07338,0.07436
"SLE","Sierra Leone",2013,"SL2013DHS","ED_LITR_W_LIT",1,"Southern",0.2906,0.2906,0.2676,0.3147,0.04706,0.04926
"SLE","Sierra Leone",2013,"SL2013DHS","ED_LITR_W_LIT",1,"Western Area",0.6302,0.6302,0.5898,0.6689,0.07906,0.06512
"SLE","Sierra Leone",2013,"SL2013DHS","ED_LITR_W_LIT",2,"Eastern_Kailahun",0.291,0.2913,0.2557,0.328,0.0723,0.07683
"SLE","Sierra Leone",2013,"SL2013DHS","ED_LITR_W_LIT",2,"Eastern_Kenema",0.3094,0.3077,0.2561,0.3638,0.1076,0.1078
"SLE","Sierra Leone",2013,"SL2013DHS","ED_LITR_W_LIT",2,"Eastern_Kono",0.3023,0.3007,0.2512,0.3612,0.11,0.1091
"SLE","Sierra Leone",2013,"SL2013DHS","ED_LITR_W_LIT",2,"North Western_Kambia",0.2069,0.2056,0.1706,0.2482,0.07753,0.1163
"SLE","Sierra Leone",2013,"SL2013DHS","ED_LITR_W_LIT",2,"North Western_Karene",0.2742,0.2719,0.2079,0.3455,0.1376,0.1554
"SLE","Sierra Leone",2013,"SL2013DHS","ED_LITR_W_LIT",2,"North Western_Port Loko",0.2742,0.2743,0.2286,0.3215,0.09288,0.1026
"SLE","Sierra Leone",2013,"SL2013DHS","ED_LITR_W_LIT",2,"Northern_Bombali",0.3698,0.3682,0.2982,0.443,0.1448,0.1179
"SLE","Sierra Leone",2013,"SL2013DHS","ED_LITR_W_LIT",2,"Northern_Falaba",0.1872,0.1867,0.1349,0.2441,0.1093,0.1775
"SLE","Sierra Leone",2013,"SL2013DHS","ED_LITR_W_LIT",2,"Northern_Koinadugu",0.2318,0.2316,0.1645,0.2998,0.1353,0.1735
"SLE","Sierra Leone",2013,"SL2013DHS","ED_LITR_W_LIT",2,"Northern_Tonkolili",0.2748,0.2736,0.2247,0.3291,0.1043,0.1142
"SLE","Sierra Leone",2013,"SL2013DHS","ED_LITR_W_LIT",2,"Southern_Bo",0.34,0.3383,0.2889,0.3972,0.1083,0.09895
"SLE","Sierra Leone",2013,"SL2013DHS","ED_LITR_W_LIT",2,"Southern_Bonthe",0.2559,0.2547,0.2096,0.3043,0.09465,0.1145
"SLE","Sierra Leone",2013,"SL2013DHS","ED_LITR_W_LIT",2,"Southern_Moyamba",0.2502,0.2486,0.2109,0.2905,0.0796,0.09634
"SLE","Sierra Leone",2013,"SL2013DHS","ED_LITR_W_LIT",2,"Southern_Pujehun",0.2382,0.238,0.1981,0.2804,0.0823,0.1076
"SLE","Sierra Leone",2013,"SL2013DHS","ED_LITR_W_LIT",2,"Western Area_Western Rural",0.5149,0.5155,0.4717,0.561,0.08929,0.05601
"SLE","Sierra Leone",2013,"SL2013DHS","ED_LITR_W_LIT",2,"Western Area_Western Urban",0.6457,0.6456,0.5998,0.6893,0.08948,0.07826
"SLE","Sierra Leone",2013,"SL2013DHS","ED_EDUC_W_SEH",1,"Eastern",0.2463,0.2463,0.2194,0.2754,0.056,0.06915
"SLE","Sierra Leone",2013,"SL2013DHS","ED_EDUC_W_SEH",1,"North Western",0.2079,0.2079,0.1775,0.2419,0.06434,0.09408
"SLE","Sierra Leone",2013,"SL2013DHS","ED_EDUC_W_SEH",1,"Northern",0.2582,0.2582,0.2231,0.2968,0.07374,0.08688
"SLE","Sierra Leone",2013,"SL2013DHS","ED_EDUC_W_SEH",1,"Southern",0.2282,0.2282,0.2079,0.2498,0.04187,0.05578
"SLE","Sierra Leone",2013,"SL2013DHS","ED_EDUC_W_SEH",1,"Western Area",0.5783,0.5783,0.5371,0.6184,0.0813,0.05873
"SLE","Sierra Leone",2013,"SL2013DHS","ED_EDUC_W_SEH",2,"Eastern_Kailahun",0.2032,0.2024,0.1754,0.2359,0.0605,0.08785
"SLE","Sierra Leone",2013,"SL2013DHS","ED_EDUC_W_SEH",2,"Eastern_Kenema",0.2685,0.2686,0.2126,0.3302,0.1175,0.1307
"SLE","Sierra Leone",2013,"SL2013DHS","ED_EDUC_W_SEH",2,"Eastern_Kono",0.2468,0.2446,0.193,0.3057,0.1127,0.1373
"SLE","Sierra Leone",2013,"SL2013DHS","ED_EDUC_W_SEH",2,"North Western_Kambia",0.1475,0.1453,0.1099,0.1939,0.08394,0.1764
"SLE","Sierra Leone",2013,"SL2013DHS","ED_EDUC_W_SEH",2,"North Western_Karene",0.2439,0.2403,0.1805,0.3193,0.1387,0.1789
"SLE","Sierra Leone",2013,"SL2013DHS","ED_EDUC_W_SEH",2,"North Western_Port Loko",0.2218,0.2213,0.1789,0.2679,0.08904,0.1227
"SLE","Sierra Leone",2013,"SL2013DHS","ED_EDUC_W_SEH",2,"Northern_Bombali",0.3265,0.3243,0.2578,0.3986,0.1408,0.1339
"SLE","Sierra Leone",2013,"SL2013DHS","ED_EDUC_W_SEH",2,"Northern_Falaba",0.1386,0.1366,0.09504,0.1885,0.09343,0.2093
"SLE","Sierra Leone",2013,"SL2013DHS","ED_EDUC_W_SEH",2,"Northern_Koinadugu",0.1851,0.1817,0.1248,0.2551,0.1302,0.2254
"SLE","Sierra Leone",2013,"SL2013DHS","ED_EDUC_W_SEH",2,"Northern_Tonkolili",0.2375,0.2368,0.1921,0.2877,0.09561,0.1245
"SLE","Sierra Leone",2013,"SL2013DHS","ED_EDUC_W_SEH",2,"Southern_Bo",0.2921,0.2917,0.2423,0.3448,0.1025,0.1076
"SLE","Sierra Leone",2013,"SL2013DHS","ED_EDUC_W_SEH",2,"Southern_Bonthe",0.2027,0.2017,0.1621,0.2487,0.08656,0.132
"SLE","Sierra Leone",2013,"SL2013DHS","ED_EDUC_W_SEH",2,"Southern_Moyamba",0.1674,0.1658,0.135,0.2067,0.07169,0.1312
"SLE","Sierra Leone",2013,"SL2013DHS","ED_EDUC_W_SEH",2,"Southern_Pujehun",0.1725,0.1711,0.1322,0.2165,0.08428,0.155
"SLE","Sierra Leone",2013,"SL2013DHS","ED_EDUC_W_SEH",2,"Western Area_Western Rural",0.445,0.4446,0.3971,0.4922,0.09511,0.06454
"SLE","Sierra Leone",2013,"SL2013DHS","ED_EDUC_W_SEH",2,"Western Area_Western Urban",0.6011,0.6005,0.5552,0.6483,0.09307,0.07053
"SLE","Sierra Leone",2013,"SL2013DHS","HC_WIXQ_P_12Q",1,"Eastern",0.4911,0.4911,0.4415,0.541,0.0995,0.06179
"SLE","Sierra Leone",2013,"SL2013DHS","HC_WIXQ_P_12Q",1,"North Western",0.3729,0.3729,0.3307,0.417,0.08625,0.07048
"SLE","Sierra Leone",2013,"SL2013DHS","HC_WIXQ_P_12Q",1,"Northern",0.4828,0.4828,0.4271,0.5388,0.1117,0.07064
"SLE","Sierra Leone",2013,"SL2013DHS","HC_WIXQ_P_12Q",1,"Southern",0.5222,0.5222,0.4841,0.5601,0.07597,0.04843
"SLE","Sierra Leone",2013,"SL2013DHS","HC_WIXQ_P_12Q",1,"Western Area",0.0234,0.0234,0.01272,0.04266,0.02995,0.3685
"SLE","Sierra Leone",2013,"SL2013DHS","HC_WIXQ_P_12Q",2,"Eastern_Kailahun",0.5553,0.5577,0.4749,0.6305,0.1557,0.1101
"SLE","Sierra Leone",2013,"SL2013DHS","HC_WIXQ_P_12Q",2,"Eastern_Kenema",0.4572,0.4572,0.3649,0.5497,0.1848,0.1212
"SLE","Sierra Leone",2013,"SL2013DHS","HC_WIXQ_P_12Q",2,"Eastern_Kono",0.5042,0.5031,0.4058,0.5981,0.1923,0.1197
"SLE","Sierra Leone",2013,"SL2013DHS","HC_WIXQ_P_12Q",2,"North Western_Kambia",0.3724,0.3722,0.3307,0.4208,0.09005,0.07293
"SLE","Sierra Leone",2013,"SL2013DHS","HC_WIXQ_P_12Q",2,"North Western_Karene",0.4436,0.4414,0.3601,0.5274,0.1673,0.1177
"SLE","Sierra Leone",2013,"SL2013DHS","HC_WIXQ_P_12Q",2,"North Western_Port Loko",0.3637,0.3648,0.303,0.4262,0.1232,0.1021
"SLE","Sierra Leone",2013,"SL2013DHS","HC_WIXQ_P_12Q",2,"Northern_Bombali",0.462,0.4612,0.3628,0.5598,0.197,0.1288
"SLE","Sierra Leone",2013,"SL2013DHS","HC_WIXQ_P_12Q",2,"Northern_Falaba",0.5828,0.5811,0.466,0.7106,0.2445,0.179
"SLE","Sierra Leone",2013,"SL2013DHS","HC_WIXQ_P_12Q",2,"Northern_Koinadugu",0.5181,0.5187,0.4215,0.6126,0.1911,0.1176
"SLE","Sierra Leone",2013,"SL2013DHS","HC_WIXQ_P_12Q",2,"Northern_Tonkolili",0.4836,0.4834,0.4045,0.5635,0.1591,0.1014
"SLE","Sierra Leone",2013,"SL2013DHS","HC_WIXQ_P_12Q",2,"Southern_Bo",0.4345,0.434,0.3445,0.5233,0.1788,0.1281
"SLE","Sierra Leone",2013,"SL2013DHS","HC_WIXQ_P_12Q",2,"Southern_Bonthe",0.5777,0.5785,0.5118,0.6402,0.1284,0.09246
"SLE","Sierra Leone",2013,"SL2013DHS","HC_WIXQ_P_12Q",2,"Southern_Moyamba",0.6288,0.6317,0.5437,0.7088,0.1651,0.1357
"SLE","Sierra Leone",2013,"SL2013DHS","HC_WIXQ_P_12Q",2,"Southern_Pujehun",0.5619,0.5626,0.5018,0.62,0.1182,0.08381
"SLE","Sierra Leone",2013,"SL2013DHS","HC_WIXQ_P_12Q",2,"Western Area_Western Rural",0.08093,0.07608,0.0432,0.1369,0.09373,0.3712
"SLE","Sierra Leone",2013,"SL2013DHS","HC_WIXQ_P_12Q",2,"Western Area_Western Urban",0.05477,0.04796,0.01695,0.1122,0.09525,0.6323
"SLE","Sierra Leone",2013,"SL2013DHS","CM_ECMR_C_NNF",1,"Eastern",0.04096,0.04096,0.03489,0.04803,0.01314,0.09715
"SLE","Sierra Leone",2013,"SL2013DHS","CM_ECMR_C_NNF",1,"North Western",0.02909,0.02909,0.02171,0.03888,0.01717,0.1772
"SLE","Sierra Leone",2013,"SL2013DHS","CM_ECMR_C_NNF",1,"Northern",0.02922,0.02922,0.02265,0.03761,0.01496,0.1542
"SLE","Sierra Leone",2013,"SL2013DHS","CM_ECMR_C_NNF",1,"Southern",0.04107,0.04107,0.0339,0.04969,0.01579,0.1163
"SLE","Sierra Leone",2013,"SL2013DHS","CM_ECMR_C_NNF",1,"Western Area",0.05763,0.05763,0.04693,0.07059,0.02366,0.1241
"SLE","Sierra Leone",2013,"SL2013DHS","CM_ECMR_C_NNF",2,"Eastern_Kailahun",0.03793,0.0378,0.02741,0.04888,0.02148,0.1678
"SLE","Sierra Leone",2013,"SL2013DHS","CM_ECMR_C_NNF",2,"Eastern_Kenema",0.04422,0.04372,0.0361,0.0533,0.0172,0.1228
"SLE","Sierra Leone",2013,"SL2013DHS","CM_ECMR_C_NNF",2,"Eastern_Kono",0.04245,0.04221,0.03352,0.05254,0.01902,0.1372
"SLE","Sierra Leone",2013,"SL2013DHS","CM_ECMR_C_NNF",2,"North Western_Kambia",0.02713,0.02672,0.01912,0.03655,0.01743,0.2113
"SLE","Sierra Leone",2013,"SL2013DHS","CM_ECMR_C_NNF",2,"North Western_Karene",0.03142,0.0302,0.02106,0.04575,0.02469,0.2582
"SLE","Sierra Leone",2013,"SL2013DHS","CM_ECMR_C_NNF",2,"North Western_Port Loko",0.02926,0.02898,0.02143,0.03846,0.01703,0.1858
"SLE","Sierra Leone",2013,"SL2013DHS","CM_ECMR_C_NNF",2,"Northern_Bombali",0.03134,0.03097,0.02279,0.04148,0.01869,0.1891
"SLE","Sierra Leone",2013,"SL2013DHS","CM_ECMR_C_NNF",2,"Northern_Falaba",0.03188,0.03133,0.02131,0.04463,0.02332,0.2305
"SLE","Sierra Leone",2013,"SL2013DHS","CM_ECMR_C_NNF",2,"Northern_Koinadugu",0.03665,0.03567,0.02679,0.0491,0.02231,0.1968
"SLE","Sierra Leone",2013,"SL2013DHS","CM_ECMR_C_NNF",2,"Northern_Tonkolili",0.03088,0.03082,0.02185,0.04068,0.01883,0.1862
"SLE","Sierra Leone",2013,"SL2013DHS","CM_ECMR_C_NNF",2,"Southern_Bo",0.04222,0.04131,0.03265,0.05458,0.02193,0.1705
"SLE","Sierra Leone",2013,"SL2013DHS","CM_ECMR_C_NNF",2,"Southern_Bonthe",0.03115,0.031,0.02141,0.04098,0.01957,0.1958
"SLE","Sierra Leone",2013,"SL2013DHS","CM_ECMR_C_NNF",2,"Southern_Moyamba",0.04062,0.04001,0.0323,0.05055,0.01825,0.1422
"SLE","Sierra Leone",2013,"SL2013DHS","CM_ECMR_C_NNF",2,"Southern_Pujehun",0.03507,0.03486,0.02723,0.04323,0.016,0.1405
"SLE","Sierra Leone",2013,"SL2013DHS","CM_ECMR_C_NNF",2,"Western Area_Western Rural",0.05834,0.05742,0.04307,0.07808,0.03501,0.1818
"SLE","Sierra Leone",2013,"SL2013DHS","CM_ECMR_C_NNF",2,"Western Area_Western Urban",0.05796,0.05716,0.04668,0.07166,0.02498,0.1351
"SLE","Sierra Leone",2013,"SL2013DHS","CN_NUTS_C_HA2",1,"Eastern",0.4217,0.4217,0.3851,0.4592,0.07413,0.05352
"SLE","Sierra Leone",2013,"SL2013DHS","CN_NUTS_C_HA2",1,"North Western",0.3652,0.3652,0.3298,0.4021,0.07231,0.06029
"SLE","Sierra Leone",2013,"SL2013DHS","CN_NUTS_C_HA2",1,"Northern",0.3423,0.3423,0.3122,0.3737,0.06145,0.05463
"SLE","Sierra Leone",2013,"SL2013DHS","CN_NUTS_C_HA2",1,"Southern",0.4219,0.4219,0.389,0.4555,0.06654,0.04801
"SLE","Sierra Leone",2013,"SL2013DHS","CN_NUTS_C_HA2",1,"Western Area",0.2891,0.2891,0.2449,0.3377,0.09283,0.0978
"SLE","Sierra Leone",2013,"SL2013DHS","CN_NUTS_C_HA2",2,"Eastern_Kailahun",0.416,0.4156,0.3667,0.466,0.09924,0.07534
"SLE","Sierra Leone",2013,"SL2013DHS","CN_NUTS_C_HA2",2,"Eastern_Kenema",0.4066,0.4077,0.3554,0.4559,0.1005,0.07502
"SLE","Sierra Leone",2013,"SL2013DHS","CN_NUTS_C_HA2",2,"Eastern_Kono",0.4688,0.467,0.4008,0.5397,0.1388,0.09268
"SLE","Sierra Leone",2013,"SL2013DHS","CN_NUTS_C_HA2",2,"North Western_Kambia",0.3671,0.3665,0.3171,0.4214,0.1044,0.08519
"SLE","Sierra Leone",2013,"SL2013DHS","CN_NUTS_C_HA2",2,"North Western_Karene",0.3622,0.3604,0.2943,0.4345,0.1402,0.1204
"SLE","Sierra Leone",2013,"SL2013DHS","CN_NUTS_C_HA2",2,"North Western_Port Loko",0.3667,0.3664,0.3266,0.4091,0.08255,0.07005
"SLE","Sierra Leone",2013,"SL2013DHS","CN_NUTS_C_HA2",2,"Northern_Bombali",0.2944,0.2938,0.2458,0.3422,0.0964,0.1016
"SLE","Sierra Leone",2013,"SL2013DHS","CN_NUTS_C_HA2",2,"Northern_Falaba",0.336,0.3345,0.28,0.3947,0.1147,0.1044
"SLE","Sierra Leone",2013,"SL2013DHS","CN_NUTS_C_HA2",2,"Northern_Koinadugu",0.4129,0.4121,0.3582,0.4747,0.1165,0.08566
"SLE","Sierra Leone",2013,"SL2013DHS","CN_NUTS_C_HA2",2,"Northern_Tonkolili",0.3558,0.3556,0.3153,0.398,0.08265,0.06957
"SLE","Sierra Leone",2013,"SL2013DHS","CN_NUTS_C_HA2",2,"Southern_Bo",0.4336,0.4316,0.3794,0.4912,0.1118,0.07971
"SLE","Sierra Leone",2013,"SL2013DHS","CN_NUTS_C_HA2",2,"Southern_Bonthe",0.4134,0.413,0.3546,0.474,0.1194,0.08984
"SLE","Sierra Leone",2013,"SL2013DHS","CN_NUTS_C_HA2",2,"Southern_Moyamba",0.3552,0.3547,0.3151,0.3997,0.0846,0.07308
"SLE","Sierra Leone",2013,"SL2013DHS","CN_NUTS_C_HA2",2,"Southern_Pujehun",0.4471,0.4459,0.3986,0.4937,0.09514,0.06659
"SLE","Sierra Leone",2013,"SL2013DHS","CN_NUTS_C_HA2",2,"Western Area_Western Rural",0.2802,0.2797,0.2344,0.3314,0.097,0.1041
"SLE","Sierra Leone",2013,"SL2013DHS","CN_NUTS_C_HA2",2,"Western Area_Western Urban",0.2905,0.2888,0.2418,0.3449,0.1031,0.1089
"SLE","Sierra Leone",2013,"SL2013DHS","CN_NUTS_C_WH2",1,"Eastern",0.06732,0.06732,0.05134,0.08781,0.03646,0.1632
"SLE","Sierra Leone",2013,"SL2013DHS","CN_NUTS_C_WH2",1,"North Western",0.1049,0.1049,0.08197,0.1332,0.05123,0.1477
"SLE","Sierra Leone",2013,"SL2013DHS","CN_NUTS_C_WH2",1,"Northern",0.1121,0.1121,0.08861,0.1409,0.05227,0.1411
"SLE","Sierra Leone",2013,"SL2013DHS","CN_NUTS_C_WH2",1,"Southern",0.09161,0.09161,0.07561,0.1106,0.03497,0.1156
"SLE","Sierra Leone",2013,"SL2013DHS","CN_NUTS_C_WH2",1,"Western Area",0.08773,0.08773,0.0588,0.129,0.07016,0.2393
"SLE","Sierra Leone",2013,"SL2013DHS","CN_NUTS_C_WH2",2,"Eastern_Kailahun",0.06356,0.06136,0.03935,0.09439,0.05504,0.2808
"SLE","Sierra Leone",2013,"SL2013DHS","CN_NUTS_C_WH2",2,"Eastern_Kenema",0.07892,0.07715,0.055,0.1096,0.05462,0.22
"SLE","Sierra Leone",2013,"SL2013DHS","CN_NUTS_C_WH2",2,"Eastern_Kono",0.05271,0.04996,0.02852,0.08516,0.05663,0.3521
"SLE","Sierra Leone",2013,"SL2013DHS","CN_NUTS_C_WH2",2,"North Western_Kambia",0.07245,0.07151,0.05082,0.0977,0.04688,0.1974
"SLE","Sierra Leone",2013,"SL2013DHS","CN_NUTS_C_WH2",2,"North Western_Karene",0.2508,0.2462,0.1751,0.3376,0.1625,0.2043
"SLE","Sierra Leone",2013,"SL2013DHS","CN_NUTS_C_WH2",2,"North Western_Port Loko",0.09858,0.09731,0.0715,0.1301,0.05856,0.1842
"SLE","Sierra Leone",2013,"SL2013DHS","CN_NUTS_C_WH2",2,"Northern_Bombali",0.2002,0.1978,0.1319,0.2757,0.1438,0.222
"SLE","Sierra Leone",2013,"SL2013DHS","CN_NUTS_C_WH2",2,"Northern_Falaba",0.1089,0.1037,0.0598,0.1771,0.1173,0.349
"SLE","Sierra Leone",2013,"SL2013DHS","CN_NUTS_C_WH2",2,"Northern_Koinadugu",0.1132,0.1084,0.06574,0.179,0.1132,0.3219
"SLE","Sierra Leone",2013,"SL2013DHS","CN_NUTS_C_WH2",2,"Northern_Tonkolili",0.06249,0.06126,0.04393,0.08553,0.0416,0.2074
"SLE","Sierra Leone",2013,"SL2013DHS","CN_NUTS_C_WH2",2,"Southern_Bo",0.1142,0.1122,0.08533,0.1515,0.0662,0.1745
"SLE","Sierra Leone",2013,"SL2013DHS","CN_NUTS_C_WH2",2,"Southern_Bonthe",0.04289,0.04061,0.02479,0.06889,0.0441,0.3334
"SLE","Sierra Leone",2013,"SL2013DHS","CN_NUTS_C_WH2",2,"Southern_Moyamba",0.0968,0.09579,0.07201,0.1255,0.05349,0.1726
"SLE","Sierra Leone",2013,"SL2013DHS","CN_NUTS_C_WH2",2,"Southern_Pujehun",0.0861,0.08433,0.06078,0.1186,0.05782,0.2025
"SLE","Sierra Leone",2013,"SL2013DHS","CN_NUTS_C_WH2",2,"Western Area_Western Rural",0.08405,0.08265,0.06558,0.1061,0.04055,0.1474
"SLE","Sierra Leone",2013,"SL2013DHS","CN_NUTS_C_WH2",2,"Western Area_Western Urban",0.09166,0.08843,0.05508,0.1386,0.08357,0.2861
"SLE","Sierra Leone",2019,"SL2019DHS","FP_CUSM_W_MOD",1,"Eastern",0.241,0.241,0.2187,0.2648,0.04612,0.05819
"SLE","Sierra Leone",2019,"SL2019DHS","FP_CUSM_W_MOD",1,"North Western",0.1582,0.1582,0.1383,0.1804,0.04213,0.08087
"SLE","Sierra Leone",2019,"SL2019DHS","FP_CUSM_W_MOD",1,"Northern",0.1802,0.1802,0.159,0.2035,0.04452,0.07509
"SLE","Sierra Leone",2019,"SL2019DHS","FP_CUSM_W_MOD",1,"Southern",0.2318,0.2318,0.2101,0.255,0.04489,0.05888
"SLE","Sierra Leone",2019,"SL2019DHS","FP_CUSM_W_MOD",1,"Western Area",0.2414,0.2414,0.2158,0.2689,0.05304,0.06682
"SLE","Sierra Leone",2019,"SL2019DHS","FP_CUSM_W_MOD",2,"Eastern_Kailahun",0.3093,0.3091,0.2692,0.3511,0.08182,0.08014
"SLE","Sierra Leone",2019,"SL2019DHS","FP_CUSM_W_MOD",2,"Eastern_Kenema",0.2022,0.2012,0.168,0.2381,0.07006,0.1065
"SLE","Sierra Leone",2019,"SL2019DHS","FP_CUSM_W_MOD",2,"Eastern_Kono",0.2603,0.2593,0.22,0.306,0.08604,0.1004
"SLE","Sierra Leone",2019,"SL2019DHS","FP_CUSM_W_MOD",2,"North Western_Kambia",0.1508,0.1499,0.123,0.1814,0.05832,0.1179
"SLE","Sierra Leone",2019,"SL2019DHS","FP_CUSM_W_MOD",2,"North Western_Karene",0.2133,0.2116,0.1656,0.2657,0.1001,0.1404
"SLE","Sierra Leone",2019,"SL2019DHS","FP_CUSM_W_MOD",2,"North Western_Port Loko",0.155,0.1544,0.1233,0.1888,0.06558,0.1281
"SLE","Sierra Leone",2019,"SL2019DHS","FP_CUSM_W_MOD",2,"Northern_Bombali",0.2213,0.2208,0.1871,0.2554,0.06826,0.09293
"SLE","Sierra Leone",2019,"SL2019DHS","FP_CUSM_W_MOD",2,"Northern_Falaba",0.07373,0.07242,0.04948,0.1033,0.05382,0.2282
"SLE","Sierra Leone",2019,"SL2019DHS","FP_CUSM_W_MOD",2,"Northern_Koinadugu",0.1304,0.1292,0.1085,0.1565,0.04808,0.1166
"SLE","Sierra Leone",2019,"SL2019DHS","FP_CUSM_W_MOD",2,"Northern_Tonkolili",0.1848,0.1842,0.1546,0.2145,0.05996,0.09916
"SLE","Sierra Leone",2019,"SL2019DHS","FP_CUSM_W_MOD",2,"Southern_Bo",0.2616,0.2603,0.2261,0.2974,0.07126,0.08354
"SLE","Sierra Leone",2019,"SL2019DHS","FP_CUSM_W_MOD",2,"Southern_Bonthe",0.2062,0.2058,0.1708,0.2428,0.07204,0.1097
"SLE","Sierra Leone",2019,"SL2019DHS","FP_CUSM_W_MOD",2,"Southern_Moyamba",0.2405,0.2395,0.1957,0.2909,0.09513,0.1214
"SLE","Sierra Leone",2019,"SL2019DHS","FP_CUSM_W_MOD",2,"Southern_Pujehun",0.1725,0.1718,0.1427,0.2062,0.06349,0.1106
"SLE","Sierra Leone",2019,"SL2019DHS","FP_CUSM_W_MOD",2,"Western Area_Western Rural",0.2461,0.246,0.2167,0.2747,0.05799,0.07328
"SLE","Sierra Leone",2019,"SL2019DHS","FP_CUSM_W_MOD",2,"Western Area_Western Urban",0.2397,0.2389,0.2036,0.2788,0.07525,0.09807
"SLE","Sierra Leone",2019,"SL2019DHS","RH_ANCN_W_N4P",1,"Eastern",0.867,0.867,0.8397,0.8903,0.05064,0.1155
"SLE","Sierra Leone",2019,"SL2019DHS","RH_ANCN_W_N4P",1,"North Western",0.8646,0.8646,0.8351,0.8895,0.05434,0.1217
"SLE","Sierra Leone",2019,"SL2019DHS","RH_ANCN_W_N4P",1,"Northern",0.8553,0.8553,0.816,0.8874,0.07138,0.1494
"SLE","Sierra Leone",2019,"SL2019DHS","RH_ANCN_W_N4P",1,"Southern",0.7823,0.7823,0.7483,0.8128,0.06453,0.09011
"SLE","Sierra Leone",2019,"SL2019DHS","RH_ANCN_W_N4P",1,"Western Area",0.6095,0.6095,0.5563,0.6602,0.1039,0.08117
"SLE","Sierra Leone",2019,"SL2019DHS","RH_ANCN_W_N4P",2,"Eastern_Kailahun",0.943,0.9452,0.9024,0.9694,0.06704,0.3689
"SLE","Sierra Leone",2019,"SL2019DHS","RH_ANCN_W_N4P",2,"Eastern_Kenema",0.9148,0.9165,0.8828,0.9386,0.05583,0.2017
"SLE","Sierra Leone",2019,"SL2019DHS","RH_ANCN_W_N4P",2,"Eastern_Kono",0.7121,0.7141,0.6376,0.7781,0.1405,0.152
"SLE","Sierra Leone",2019,"SL2019DHS","RH_ANCN_W_N4P",2,"North Western_Kambia",0.8426,0.8449,0.7838,0.891,0.1072,0.2215
"SLE","Sierra Leone",2019,"SL2019DHS","RH_ANCN_W_N4P",2,"North Western_Karene",0.7949,0.7989,0.7179,0.8565,0.1386,0.208
"SLE","Sierra Leone",2019,"SL2019DHS","RH_ANCN_W_N4P",2,"North Western_Port Loko",0.8904,0.892,0.8545,0.9189,0.06439,0.181
"SLE","Sierra Leone",2019,"SL2019DHS","RH_ANCN_W_N4P",2,"Northern_Bombali",0.9361,0.9389,0.904,0.961,0.05704,0.2905
"SLE","Sierra Leone",2019,"SL2019DHS","RH_ANCN_W_N4P",2,"Northern_Falaba",0.8304,0.8344,0.745,0.8953,0.1503,0.2725
"SLE","Sierra Leone",2019,"SL2019DHS","RH_ANCN_W_N4P",2,"Northern_Koinadugu",0.8532,0.8564,0.7823,0.9081,0.1257,0.2656
"SLE","Sierra Leone",2019,"SL2019DHS","RH_ANCN_W_N4P",2,"Northern_Tonkolili",0.7772,0.7797,0.7043,0.8435,0.1392,0.1918
"SLE","Sierra Leone",2019,"SL2019DHS","RH_ANCN_W_N4P",2,"Southern_Bo",0.8296,0.831,0.7789,0.8722,0.09331,0.1652
"SLE","Sierra Leone",2019,"SL2019DHS","RH_ANCN_W_N4P",2,"Southern_Bonthe",0.4822,0.4813,0.3785,0.5864,0.2079,0.1296
"SLE","Sierra Leone",2019,"SL2019DHS","RH_ANCN_W_N4P",2,"Southern_Moyamba",0.867,0.8697,0.8223,0.9057,0.0834,0.2012
"SLE","Sierra Leone",2019,"SL2019DHS","RH_ANCN_W_N4P",2,"Southern_Pujehun",0.9128,0.9169,0.8676,0.9466,0.07897,0.2975
"SLE","Sierra Leone",2019,"SL2019DHS","RH_ANCN_W_N4P",2,"Western Area_Western Rural",0.6424,0.6432,0.591,0.6914,0.1003,0.08691
"SLE","Sierra Leone",2019,"SL2019DHS","RH_ANCN_W_N4P",2,"Western Area_Western Urban",0.5803,0.5811,0.4969,0.6596,0.1627,0.1172
"SLE","Sierra Leone",2019,"SL2019DHS","RH_DELA_C_SKP",1,"Eastern",0.9532,0.9532,0.9258,0.9708,0.04493,0.2835
"SLE","Sierra Leone",2019,"SL2019DHS","RH_DELA_C_SKP",1,"North Western",0.7364,0.7364,0.6881,0.7795,0.0914,0.1056
"SLE","Sierra Leone",2019,"SL2019DHS","RH_DELA_C_SKP",1,"Northern",0.8939,0.8939,0.864,0.9179,0.05386,0.1535
"SLE","Sierra Leone",2019,"SL2019DHS","RH_DELA_C_SKP",1,"Southern",0.8949,0.8949,0.8593,0.9223,0.06297,0.1807
"SLE","Sierra Leone",2019,"SL2019DHS","RH_DELA_C_SKP",1,"Western Area",0.9668,0.9668,0.9445,0.9803,0.0358,0.3151
"SLE","Sierra Leone",2019,"SL2019DHS","RH_DELA_C_SKP",2,"Eastern_Kailahun",0.9647,0.9667,0.937,0.983,0.04601,0.4479
"SLE","Sierra Leone",2019,"SL2019DHS","RH_DELA_C_SKP",2,"Eastern_Kenema",0.9637,0.9667,0.9339,0.9827,0.04874,0.4495
"SLE","Sierra Leone",2019,"SL2019DHS","RH_DELA_C_SKP",2,"Eastern_Kono",0.9185,0.9243,0.8547,0.9595,0.1048,0.4347
"SLE","Sierra Leone",2019,"SL2019DHS","RH_DELA_C_SKP",2,"North Western_Kambia",0.7818,0.7853,0.7136,0.8411,0.1275,0.1785
"SLE","Sierra Leone",2019,"SL2019DHS","RH_DELA_C_SKP",2,"North Western_Karene",0.8018,0.8107,0.6859,0.8852,0.1993,0.3224
"SLE","Sierra Leone",2019,"SL2019DHS","RH_DELA_C_SKP",2,"North Western_Port Loko",0.6878,0.6875,0.611,0.762,0.151,0.1403
"SLE","Sierra Leone",2019,"SL2019DHS","RH_DELA_C_SKP",2,"Northern_Bombali",0.9087,0.9106,0.8707,0.9405,0.06986,0.2383
"SLE","Sierra Leone",2019,"SL2019DHS","RH_DELA_C_SKP",2,"Northern_Falaba",0.8421,0.8491,0.7461,0.9209,0.1748,0.37
"SLE","Sierra Leone",2019,"SL2019DHS","RH_DELA_C_SKP",2,"Northern_Koinadugu",0.7789,0.785,0.6776,0.864,0.1864,0.2704
"SLE","Sierra Leone",2019,"SL2019DHS","RH_DELA_C_SKP",2,"Northern_Tonkolili",0.9338,0.936,0.899,0.9606,0.06164,0.287
"SLE","Sierra Leone",2019,"SL2019DHS","RH_DELA_C_SKP",2,"Southern_Bo",0.9384,0.9408,0.9074,0.9634,0.05598,0.2965
"SLE","Sierra Leone",2019,"SL2019DHS","RH_DELA_C_SKP",2,"Southern_Bonthe",0.9699,0.9725,0.9451,0.9863,0.04121,0.4927
"SLE","Sierra Leone",2019,"SL2019DHS","RH_DELA_C_SKP",2,"Southern_Moyamba",0.7379,0.7419,0.6418,0.8222,0.1803,0.2079
"SLE","Sierra Leone",2019,"SL2019DHS","RH_DELA_C_SKP",2,"Southern_Pujehun",0.9692,0.972,0.938,0.9878,0.04984,0.5544
"SLE","Sierra Leone",2019,"SL2019DHS","RH_DELA_C_SKP",2,"Western Area_Western Rural",0.954,0.9574,0.9214,0.9778,0.05641,0.4408
"SLE","Sierra Leone",2019,"SL2019DHS","RH_DELA_C_SKP",2,"Western Area_Western Urban",0.9708,0.9732,0.9439,0.9886,0.04467,0.5472
"SLE","Sierra Leone",2019,"SL2019DHS","RH_DELP_C_DHT",1,"Eastern",0.9342,0.9342,0.9032,0.9557,0.05256,0.2384
"SLE","Sierra Leone",2019,"SL2019DHS","RH_DELP_C_DHT",1,"North Western",0.7035,0.7035,0.652,0.7502,0.09817,0.1009
"SLE","Sierra Leone",2019,"SL2019DHS","RH_DELP_C_DHT",1,"Northern",0.8504,0.8504,0.8159,0.8794,0.06351,0.1287
"SLE","Sierra Leone",2019,"SL2019DHS","RH_DELP_C_DHT",1,"Southern",0.8836,0.8836,0.8471,0.9123,0.06517,0.1691
"SLE","Sierra Leone",2019,"SL2019DHS","RH_DELP_C_DHT",1,"Western Area",0.9043,0.9043,0.8698,0.9303,0.06055,0.1904
"SLE","Sierra Leone",2019,"SL2019DHS","RH_DELP_C_DHT",2,"Eastern_Kailahun",0.9619,0.9646,0.9373,0.9804,0.04312,0.3924
"SLE","Sierra Leone",2019,"SL2019DHS","RH_DELP_C_DHT",2,"Eastern_Kenema",0.9538,0.9566,0.9218,0.9771,0.05531,0.3917
"SLE","Sierra Leone",2019,"SL2019DHS","RH_DELP_C_DHT",2,"Eastern_Kono",0.8717,0.8769,0.8023,0.9217,0.1194,0.3051
"SLE","Sierra Leone",2019,"SL2019DHS","RH_DELP_C_DHT",2,"North Western_Kambia",0.764,0.7653,0.7005,0.8212,0.1208,0.1525
"SLE","Sierra Leone",2019,"SL2019DHS","RH_DELP_C_DHT",2,"North Western_Karene",0.7468,0.7563,0.6142,0.8603,0.2461,0.3172
"SLE","Sierra Leone",2019,"SL2019DHS","RH_DELP_C_DHT",2,"North Western_Port Loko",0.6561,0.6582,0.5799,0.728,0.1481,0.1298
"SLE","Sierra Leone",2019,"SL2019DHS","RH_DELP_C_DHT",2,"Northern_Bombali",0.8727,0.8754,0.8272,0.909,0.08175,0.2028
"SLE","Sierra Leone",2019,"SL2019DHS","RH_DELP_C_DHT",2,"Northern_Falaba",0.8245,0.8296,0.7186,0.9088,0.1901,0.3418
"SLE","Sierra Leone",2019,"SL2019DHS","RH_DELP_C_DHT",2,"Northern_Koinadugu",0.7479,0.7544,0.6271,0.8435,0.2164,0.271
"SLE","Sierra Leone",2019,"SL2019DHS","RH_DELP_C_DHT",2,"Northern_Tonkolili",0.8722,0.8744,0.8264,0.9116,0.0852,0.2079
"SLE","Sierra Leone",2019,"SL2019DHS","RH_DELP_C_DHT",2,"Southern_Bo",0.927,0.929,0.891,0.9558,0.0648,0.29
"SLE","Sierra Leone",2019,"SL2019DHS","RH_DELP_C_DHT",2,"Southern_Bonthe",0.9644,0.9662,0.9423,0.9808,0.03855,0.369
"SLE","Sierra Leone",2019,"SL2019DHS","RH_DELP_C_DHT",2,"Southern_Moyamba",0.7187,0.7221,0.629,0.7962,0.1672,0.1856
"SLE","Sierra Leone",2019,"SL2019DHS","RH_DELP_C_DHT",2,"Southern_Pujehun",0.9667,0.9689,0.9424,0.9848,0.0424,0.4359
"SLE","Sierra Leone",2019,"SL2019DHS","RH_DELP_C_DHT",2,"Western Area_Western Rural",0.857,0.8597,0.8105,0.8991,0.08868,0.2019
"SLE","Sierra Leone",2019,"SL2019DHS","RH_DELP_C_DHT",2,"Western Area_Western Urban",0.9368,0.941,0.8955,0.9647,0.06917,0.3706
"SLE","Sierra Leone",2019,"SL2019DHS","RH_DELP_C_PUT",1,"Eastern",0.9161,0.9161,0.8813,0.9413,0.05999,0.2144
"SLE","Sierra Leone",2019,"SL2019DHS","RH_DELP_C_PUT",1,"North Western",0.6934,0.6934,0.6425,0.74,0.09746,0.09686
"SLE","Sierra Leone",2019,"SL2019DHS","RH_DELP_C_PUT",1,"Northern",0.8277,0.8277,0.7909,0.8591,0.06816,0.1201
"SLE","Sierra Leone",2019,"SL2019DHS","RH_DELP_C_PUT",1,"Southern",0.8671,0.8671,0.8291,0.8977,0.06858,0.1562
"SLE","Sierra Leone",2019,"SL2019DHS","RH_DELP_C_PUT",1,"Western Area",0.8407,0.8407,0.8043,0.8714,0.06718,0.1279
"SLE","Sierra Leone",2019,"SL2019DHS","RH_DELP_C_PUT",2,"Eastern_Kailahun",0.9271,0.9312,0.8805,0.962,0.08155,0.3753
"SLE","Sierra Leone",2019,"SL2019DHS","RH_DELP_C_PUT",2,"Eastern_Kenema",0.9376,0.9397,0.9027,0.9643,0.0616,0.3204
"SLE","Sierra Leone",2019,"SL2019DHS","RH_DELP_C_PUT",2,"Eastern_Kono",0.8604,0.8658,0.7858,0.9174,0.1315,0.2978
"SLE","Sierra Leone",2019,"SL2019DHS","RH_DELP_C_PUT",2,"North Western_Kambia",0.7511,0.7526,0.6881,0.8074,0.1194,0.1521
"SLE","Sierra Leone",2019,"SL2019DHS","RH_DELP_C_PUT",2,"North Western_Karene",0.7174,0.7277,0.5842,0.8217,0.2375,0.2771
"SLE","Sierra Leone",2019,"SL2019DHS","RH_DELP_C_PUT",2,"North Western_Port Loko",0.6516,0.6541,0.5805,0.7176,0.1371,0.1235
"SLE","Sierra Leone",2019,"SL2019DHS","RH_DELP_C_PUT",2,"Northern_Bombali",0.8457,0.848,0.7943,0.8879,0.09358,0.185
"SLE","Sierra Leone",2019,"SL2019DHS","RH_DELP_C_PUT",2,"Northern_Falaba",0.806,0.8121,0.7053,0.8887,0.1834,0.3101
"SLE","Sierra Leone",2019,"SL2019DHS","RH_DELP_C_PUT",2,"Northern_Koinadugu",0.7244,0.728,0.611,0.8193,0.2083,0.2268
"SLE","Sierra Leone",2019,"SL2019DHS","RH_DELP_C_PUT",2,"Northern_Tonkolili",0.854,0.8552,0.8051,0.8967,0.09161,0.191
"SLE","Sierra Leone",2019,"SL2019DHS","RH_DELP_C_PUT",2,"Southern_Bo",0.9026,0.9045,0.8585,0.9375,0.079,0.2637
"SLE","Sierra Leone",2019,"SL2019DHS","RH_DELP_C_PUT",2,"Southern_Bonthe",0.9193,0.9218,0.878,0.9519,0.07384,0.2985
"SLE","Sierra Leone",2019,"SL2019DHS","RH_DELP_C_PUT",2,"Southern_Moyamba",0.7295,0.7353,0.6377,0.8096,0.1719,0.2023
"SLE","Sierra Leone",2019,"SL2019DHS","RH_DELP_C_PUT",2,"Southern_Pujehun",0.9549,0.9575,0.9222,0.9781,0.05595,0.4112
"SLE","Sierra Leone",2019,"SL2019DHS","RH_DELP_C_PUT",2,"Western Area_Western Rural",0.8173,0.8195,0.7705,0.8586,0.08805,0.1483
"SLE","Sierra Leone",2019,"SL2019DHS","RH_DELP_C_PUT",2,"Western Area_Western Urban",0.8554,0.8567,0.8071,0.8978,0.09074,0.1959
"SLE","Sierra Leone",2019,"SL2019DHS","RH_DELP_C_PRT",1,"Eastern",0.01812,0.01812,0.009499,0.0343,0.0248,0.3908
"SLE","Sierra Leone",2019,"SL2019DHS","RH_DELP_C_PRT",1,"North Western",0.01008,0.01008,0.005497,0.01843,0.01293,0.368
"SLE","Sierra Leone",2019,"SL2019DHS","RH_DELP_C_PRT",1,"Northern",0.02272,0.02272,0.0131,0.03915,0.02605,0.3332
"SLE","Sierra Leone",2019,"SL2019DHS","RH_DELP_C_PRT",1,"Southern",0.01647,0.01647,0.009082,0.02969,0.0206,0.3604
"SLE","Sierra Leone",2019,"SL2019DHS","RH_DELP_C_PRT",1,"Western Area",0.06355,0.06355,0.04478,0.08946,0.04468,0.2106
"SLE","Sierra Leone",2019,"SL2019DHS","RH_DELP_C_PRT",2,"Eastern_Kailahun",0.02292,0.0205,0.009834,0.04431,0.03448,0.5475
"SLE","Sierra Leone",2019,"SL2019DHS","RH_DELP_C_PRT",2,"Eastern_Kenema",0.01856,0.0171,0.007572,0.03574,0.02816,0.5099
"SLE","Sierra Leone",2019,"SL2019DHS","RH_DELP_C_PRT",2,"Eastern_Kono",0.01748,0.01627,0.007583,0.03268,0.0251,0.4733
"SLE","Sierra Leone",2019,"SL2019DHS","RH_DELP_C_PRT",2,"North Western_Kambia",0.0108,0.009768,0.004455,0.02108,0.01663,0.5528
"SLE","Sierra Leone",2019,"SL2019DHS","RH_DELP_C_PRT",2,"North Western_Karene",0.01488,0.01305,0.005964,0.02996,0.02399,0.6389
"SLE","Sierra Leone",2019,"SL2019DHS","RH_DELP_C_PRT",2,"North Western_Port Loko",0.01153,0.01053,0.004924,0.02096,0.01604,0.5126
"SLE","Sierra Leone",2019,"SL2019DHS","RH_DELP_C_PRT",2,"Northern_Bombali",0.02495,0.02316,0.01248,0.04331,0.03083,0.4126
"SLE","Sierra Leone",2019,"SL2019DHS","RH_DELP_C_PRT",2,"Northern_Falaba",0.02175,0.01988,0.008935,0.04202,0.03308,0.5049
"SLE","Sierra Leone",2019,"SL2019DHS","RH_DELP_C_PRT",2,"Northern_Koinadugu",0.02773,0.02485,0.01232,0.05135,0.03903,0.5108
"SLE","Sierra Leone",2019,"SL2019DHS","RH_DELP_C_PRT",2,"Northern_Tonkolili",0.02322,0.02114,0.009797,0.04236,0.03256,0.5044
"SLE","Sierra Leone",2019,"SL2019DHS","RH_DELP_C_PRT",2,"Southern_Bo",0.01569,0.01436,0.007888,0.02824,0.02035,0.4509
"SLE","Sierra Leone",2019,"SL2019DHS","RH_DELP_C_PRT",2,"Southern_Bonthe",0.02063,0.01804,0.009644,0.0375,0.02786,0.5893
"SLE","Sierra Leone",2019,"SL2019DHS","RH_DELP_C_PRT",2,"Southern_Moyamba",0.01019,0.009202,0.003111,0.0203,0.01719,0.5958
"SLE","Sierra Leone",2019,"SL2019DHS","RH_DELP_C_PRT",2,"Southern_Pujehun",0.01274,0.01171,0.004207,0.024,0.01979,0.5591
"SLE","Sierra Leone",2019,"SL2019DHS","RH_DELP_C_PRT",2,"Western Area_Western Rural",0.04826,0.04636,0.02683,0.07681,0.04997,0.3346
"SLE","Sierra Leone",2019,"SL2019DHS","RH_DELP_C_PRT",2,"Western Area_Western Urban",0.07714,0.07454,0.04919,0.1127,0.06353,0.2669
"SLE","Sierra Leone",2019,"SL2019DHS","RH_DELP_C_HOT",1,"Eastern",0.06427,0.06427,0.04302,0.09497,0.05196,0.2412
"SLE","Sierra Leone",2019,"SL2019DHS","RH_DELP_C_HOT",1,"North Western",0.2951,0.2951,0.2482,0.3468,0.09857,0.1018
"SLE","Sierra Leone",2019,"SL2019DHS","RH_DELP_C_HOT",1,"Northern",0.1487,0.1487,0.1198,0.1832,0.06339,0.1292
"SLE","Sierra Leone",2019,"SL2019DHS","RH_DELP_C_HOT",1,"Southern",0.1152,0.1152,0.08676,0.1514,0.0646,0.1694
"SLE","Sierra Leone",2019,"SL2019DHS","RH_DELP_C_HOT",1,"Western Area",0.09575,0.09575,0.06967,0.1302,0.06055,0.1904
"SLE","Sierra Leone",2019,"SL2019DHS","RH_DELP_C_HOT",2,"Eastern_Kailahun",0.03693,0.03441,0.01692,0.06366,0.04674,0.4326
"SLE","Sierra Leone",2019,"SL2019DHS","RH_DELP_C_HOT",2,"Eastern_Kenema",0.04196,0.03934,0.02149,0.07035,0.04885,0.4004
"SLE","Sierra Leone",2019,"SL2019DHS","RH_DELP_C_HOT",2,"Eastern_Kono",0.1281,0.1229,0.07561,0.2009,0.1253,0.3135
"SLE","Sierra Leone",2019,"SL2019DHS","RH_DELP_C_HOT",2,"North Western_Kambia",0.2363,0.2345,0.1819,0.3,0.1181,0.1541
"SLE","Sierra Leone",2019,"SL2019DHS","RH_DELP_C_HOT",2,"North Western_Karene",0.2601,0.2542,0.1428,0.3995,0.2567,0.3131
"SLE","Sierra Leone",2019,"SL2019DHS","RH_DELP_C_HOT",2,"North Western_Port Loko",0.3397,0.3388,0.2676,0.4142,0.1466,0.1328
"SLE","Sierra Leone",2019,"SL2019DHS","RH_DELP_C_HOT",2,"Northern_Bombali",0.1242,0.1218,0.08779,0.1679,0.08013,0.2006
"SLE","Sierra Leone",2019,"SL2019DHS","RH_DELP_C_HOT",2,"Northern_Falaba",0.178,0.1717,0.09782,0.2819,0.1841,0.3386
"SLE","Sierra Leone",2019,"SL2019DHS","RH_DELP_C_HOT",2,"Northern_Koinadugu",0.2539,0.2484,0.1554,0.376,0.2206,0.2719
"SLE","Sierra Leone",2019,"SL2019DHS","RH_DELP_C_HOT",2,"Northern_Tonkolili",0.1287,0.1278,0.08967,0.169,0.07931,0.1914
"SLE","Sierra Leone",2019,"SL2019DHS","RH_DELP_C_HOT",2,"Southern_Bo",0.07312,0.07071,0.04534,0.1101,0.06476,0.2829
"SLE","Sierra Leone",2019,"SL2019DHS","RH_DELP_C_HOT",2,"Southern_Bonthe",0.03485,0.03341,0.01932,0.05605,0.03673,0.3416
"SLE","Sierra Leone",2019,"SL2019DHS","RH_DELP_C_HOT",2,"Southern_Moyamba",0.2748,0.2722,0.1949,0.3671,0.1721,0.1916
"SLE","Sierra Leone",2019,"SL2019DHS","RH_DELP_C_HOT",2,"Southern_Pujehun",0.03296,0.03035,0.01527,0.06035,0.04508,0.4707
"SLE","Sierra Leone",2019,"SL2019DHS","RH_DELP_C_HOT",2,"Western Area_Western Rural",0.1434,0.1416,0.1004,0.1938,0.09343,0.2018
"SLE","Sierra Leone",2019,"SL2019DHS","RH_DELP_C_HOT",2,"Western Area_Western Urban",0.06235,0.05928,0.03492,0.1006,0.06569,0.3365
"SLE","Sierra Leone",2019,"SL2019DHS","RH_PCCT_C_DY2",1,"Eastern",0.8037,0.8037,0.7531,0.8461,0.09301,0.1439
"SLE","Sierra Leone",2019,"SL2019DHS","RH_PCCT_C_DY2",1,"North Western",0.7495,0.7495,0.7071,0.7875,0.08036,0.0976
"SLE","Sierra Leone",2019,"SL2019DHS","RH_PCCT_C_DY2",1,"Northern",0.8165,0.8165,0.7709,0.8548,0.0839,0.1388
"SLE","Sierra Leone",2019,"SL2019DHS","RH_PCCT_C_DY2",1,"Southern",0.88,0.88,0.8511,0.904,0.05292,0.1336
"SLE","Sierra Leone",2019,"SL2019DHS","RH_PCCT_C_DY2",1,"Western Area",0.9106,0.9106,0.8857,0.9305,0.04478,0.1514
"SLE","Sierra Leone",2019,"SL2019DHS","RH_PCCT_C_DY2",2,"Eastern_Kailahun",0.8054,0.8099,0.716,0.8756,0.1596,0.2535
"SLE","Sierra Leone",2019,"SL2019DHS","RH_PCCT_C_DY2",2,"Eastern_Kenema",0.8283,0.8327,0.7584,0.8886,0.1302,0.2378
"SLE","Sierra Leone",2019,"SL2019DHS","RH_PCCT_C_DY2",2,"Eastern_Kono",0.7311,0.7327,0.6496,0.8046,0.1549,0.1713
"SLE","Sierra Leone",2019,"SL2019DHS","RH_PCCT_C_DY2",2,"North Western_Kambia",0.8028,0.804,0.7521,0.8468,0.09471,0.1481
"SLE","Sierra Leone",2019,"SL2019DHS","RH_PCCT_C_DY2",2,"North Western_Karene",0.7655,0.7688,0.6698,0.8543,0.1845,0.2455
"SLE","Sierra Leone",2019,"SL2019DHS","RH_PCCT_C_DY2",2,"North Western_Port Loko",0.7147,0.7153,0.6493,0.774,0.1248,0.1326
"SLE","Sierra Leone",2019,"SL2019DHS","RH_PCCT_C_DY2",2,"Northern_Bombali",0.8777,0.8802,0.8227,0.9235,0.1008,0.2566
"SLE","Sierra Leone",2019,"SL2019DHS","RH_PCCT_C_DY2",2,"Northern_Falaba",0.8082,0.8139,0.705,0.8967,0.1917,0.3108
"SLE","Sierra Leone",2019,"SL2019DHS","RH_PCCT_C_DY2",2,"Northern_Koinadugu",0.7294,0.7315,0.6403,0.8108,0.1705,0.1949
"SLE","Sierra Leone",2019,"SL2019DHS","RH_PCCT_C_DY2",2,"Northern_Tonkolili",0.7831,0.7873,0.6961,0.85,0.1539,0.2172
"SLE","Sierra Leone",2019,"SL2019DHS","RH_PCCT_C_DY2",2,"Southern_Bo",0.9371,0.9392,0.9076,0.9603,0.05269,0.2713
"SLE","Sierra Leone",2019,"SL2019DHS","RH_PCCT_C_DY2",2,"Southern_Bonthe",0.9387,0.94,0.9117,0.961,0.04931,0.2534
"SLE","Sierra Leone",2019,"SL2019DHS","RH_PCCT_C_DY2",2,"Southern_Moyamba",0.7322,0.7325,0.6625,0.7937,0.1312,0.1561
"SLE","Sierra Leone",2019,"SL2019DHS","RH_PCCT_C_DY2",2,"Southern_Pujehun",0.9175,0.92,0.8755,0.9519,0.0764,0.3028
"SLE","Sierra Leone",2019,"SL2019DHS","RH_PCCT_C_DY2",2,"Western Area_Western Rural",0.8963,0.8974,0.8657,0.9246,0.05889,0.1791
"SLE","Sierra Leone",2019,"SL2019DHS","RH_PCCT_C_DY2",2,"Western Area_Western Urban",0.9183,0.9211,0.8841,0.9466,0.0625,0.2541
"SLE","Sierra Leone",2019,"SL2019DHS","CH_VACC_C_MSL",1,"Eastern",0.7545,0.7545,0.7055,0.7977,0.09225,0.1143
"SLE","Sierra Leone",2019,"SL2019DHS","CH_VACC_C_MSL",1,"North Western",0.6812,0.6812,0.6321,0.7266,0.09452,0.09034
"SLE","Sierra Leone",2019,"SL2019DHS","CH_VACC_C_MSL",1,"Northern",0.7424,0.7424,0.6865,0.7914,0.1049,0.124
"SLE","Sierra Leone",2019,"SL2019DHS","CH_VACC_C_MSL",1,"Southern",0.8223,0.8223,0.7762,0.8607,0.08445,0.1442
"SLE","Sierra Leone",2019,"SL2019DHS","CH_VACC_C_MSL",1,"Western Area",0.721,0.721,0.6536,0.7797,0.1261,0.1378
"SLE","Sierra Leone",2019,"SL2019DHS","CH_VACC_C_MSL",2,"Eastern_Kailahun",0.7918,0.7933,0.743,0.8383,0.09531,0.1397
"SLE","Sierra Leone",2019,"SL2019DHS","CH_VACC_C_MSL",2,"Eastern_Kenema",0.743,0.7467,0.6774,0.7986,0.1211,0.149
"SLE","Sierra Leone",2019,"SL2019DHS","CH_VACC_C_MSL",2,"Eastern_Kono",0.794,0.7949,0.7438,0.8412,0.09741,0.1491
"SLE","Sierra Leone",2019,"SL2019DHS","CH_VACC_C_MSL",2,"North Western_Kambia",0.7043,0.7047,0.6388,0.7702,0.1314,0.1372
"SLE","Sierra Leone",2019,"SL2019DHS","CH_VACC_C_MSL",2,"North Western_Karene",0.6929,0.6934,0.6159,0.7712,0.1553,0.1535
"SLE","Sierra Leone",2019,"SL2019DHS","CH_VACC_C_MSL",2,"North Western_Port Loko",0.6565,0.6574,0.5978,0.7115,0.1137,0.1009
"SLE","Sierra Leone",2019,"SL2019DHS","CH_VACC_C_MSL",2,"Northern_Bombali",0.7627,0.7624,0.7025,0.8221,0.1196,0.1557
"SLE","Sierra Leone",2019,"SL2019DHS","CH_VACC_C_MSL",2,"Northern_Falaba",0.71,0.7164,0.6095,0.7888,0.1792,0.2036
"SLE","Sierra Leone",2019,"SL2019DHS","CH_VACC_C_MSL",2,"Northern_Koinadugu",0.7517,0.7532,0.6772,0.8171,0.1399,0.1726
"SLE","Sierra Leone",2019,"SL2019DHS","CH_VACC_C_MSL",2,"Northern_Tonkolili",0.7382,0.7404,0.6684,0.7987,0.1303,0.158
"SLE","Sierra Leone",2019,"SL2019DHS","CH_VACC_C_MSL",2,"Southern_Bo",0.8184,0.8201,0.7633,0.8684,0.1052,0.1837
"SLE","Sierra Leone",2019,"SL2019DHS","CH_VACC_C_MSL",2,"Southern_Bonthe",0.813,0.8151,0.7667,0.8535,0.08679,0.1453
"SLE","Sierra Leone",2019,"SL2019DHS","CH_VACC_C_MSL",2,"Southern_Moyamba",0.8118,0.8145,0.7569,0.857,0.1001,0.1621
"SLE","Sierra Leone",2019,"SL2019DHS","CH_VACC_C_MSL",2,"Southern_Pujehun",0.8165,0.8181,0.7622,0.8681,0.1059,0.1779
"SLE","Sierra Leone",2019,"SL2019DHS","CH_VACC_C_MSL",2,"Western Area_Western Rural",0.6929,0.6933,0.6348,0.7507,0.1159,0.1146
"SLE","Sierra Leone",2019,"SL2019DHS","CH_VACC_C_MSL",2,"Western Area_Western Urban",0.7177,0.7191,0.6338,0.7986,0.1648,0.173
"SLE","Sierra Leone",2019,"SL2019DHS","CH_VACC_C_DP3",1,"Eastern",0.7919,0.7919,0.7527,0.8264,0.07366,0.1076
"SLE","Sierra Leone",2019,"SL2019DHS","CH_VACC_C_DP3",1,"North Western",0.756,0.756,0.7111,0.796,0.08481,0.1058
"SLE","Sierra Leone",2019,"SL2019DHS","CH_VACC_C_DP3",1,"Northern",0.7698,0.7698,0.7143,0.8172,0.103,0.1361
"SLE","Sierra Leone",2019,"SL2019DHS","CH_VACC_C_DP3",1,"Southern",0.8366,0.8366,0.7953,0.871,0.07571,0.1405
"SLE","Sierra Leone",2019,"SL2019DHS","CH_VACC_C_DP3",1,"Western Area",0.7593,0.7593,0.701,0.8094,0.1084,0.1371
"SLE","Sierra Leone",2019,"SL2019DHS","CH_VACC_C_DP3",2,"Eastern_Kailahun",0.8286,0.8331,0.7646,0.8801,0.1155,0.2151
"SLE","Sierra Leone",2019,"SL2019DHS","CH_VACC_C_DP3",2,"Eastern_Kenema",0.7589,0.7605,0.7051,0.8061,0.1011,0.1269
"SLE","Sierra Leone",2019,"SL2019DHS","CH_VACC_C_DP3",2,"Eastern_Kono",0.8108,0.8112,0.7508,0.8692,0.1184,0.1884
"SLE","Sierra Leone",2019,"SL2019DHS","CH_VACC_C_DP3",2,"North Western_Kambia",0.7639,0.7646,0.6976,0.8242,0.1267,0.1599
"SLE","Sierra Leone",2019,"SL2019DHS","CH_VACC_C_DP3",2,"North Western_Karene",0.7306,0.7354,0.6498,0.8056,0.1557,0.1778
"SLE","Sierra Leone",2019,"SL2019DHS","CH_VACC_C_DP3",2,"North Western_Port Loko",0.7508,0.752,0.6942,0.8031,0.1089,0.1347
"SLE","Sierra Leone",2019,"SL2019DHS","CH_VACC_C_DP3",2,"Northern_Bombali",0.8257,0.8305,0.7408,0.8976,0.1567,0.2841
"SLE","Sierra Leone",2019,"SL2019DHS","CH_VACC_C_DP3",2,"Northern_Falaba",0.6517,0.6538,0.5662,0.7297,0.1635,0.1501
"SLE","Sierra Leone",2019,"SL2019DHS","CH_VACC_C_DP3",2,"Northern_Koinadugu",0.7277,0.73,0.6441,0.8007,0.1566,0.1771
"SLE","Sierra Leone",2019,"SL2019DHS","CH_VACC_C_DP3",2,"Northern_Tonkolili",0.7308,0.7326,0.6535,0.8009,0.1474,0.1684
"SLE","Sierra Leone",2019,"SL2019DHS","CH_VACC_C_DP3",2,"Southern_Bo",0.8487,0.8505,0.7919,0.9008,0.1089,0.224
"SLE","Sierra Leone",2019,"SL2019DHS","CH_VACC_C_DP3",2,"Southern_Bonthe",0.8299,0.831,0.7755,0.8778,0.1024,0.1891
"SLE","Sierra Leone",2019,"SL2019DHS","CH_VACC_C_DP3",2,"Southern_Moyamba",0.8106,0.815,0.738,0.8684,0.1304,0.2214
"SLE","Sierra Leone",2019,"SL2019DHS","CH_VACC_C_DP3",2,"Southern_Pujehun",0.8189,0.8231,0.7513,0.8722,0.1209,0.2116
"SLE","Sierra Leone",2019,"SL2019DHS","CH_VACC_C_DP3",2,"Western Area_Western Rural",0.781,0.7808,0.7222,0.8384,0.1162,0.1611
"SLE","Sierra Leone",2019,"SL2019DHS","CH_VACC_C_DP3",2,"Western Area_Western Urban",0.7412,0.7439,0.6612,0.8124,0.1512,0.1815
"SLE","Sierra Leone",2019,"SL2019DHS","CH_VACC_C_NON",1,"Eastern",0.05004,0.05004,0.03185,0.07781,0.04596,0.272
"SLE","Sierra Leone",2019,"SL2019DHS","CH_VACC_C_NON",1,"North Western",0.01178,0.01178,0.004609,0.02976,0.02516,0.568
"SLE","Sierra Leone",2019,"SL2019DHS","CH_VACC_C_NON",1,"Northern",0.0183,0.0183,0.008799,0.03768,0.02889,0.4429
"SLE","Sierra Leone",2019,"SL2019DHS","CH_VACC_C_NON",1,"Southern",0.02404,0.02404,0.01458,0.03938,0.0248,0.3024
"SLE","Sierra Leone",2019,"SL2019DHS","CH_VACC_C_NON",1,"Western Area",0.008446,0.008446,0.002959,0.02387,0.02091,0.6356
"SLE","Sierra Leone",2019,"SL2019DHS","CH_VACC_C_NON",2,"Eastern_Kailahun",0.0167,0.01279,0.003327,0.04239,0.03907,1.17
"SLE","Sierra Leone",2019,"SL2019DHS","CH_VACC_C_NON",2,"Eastern_Kenema",0.08424,0.08229,0.05427,0.1218,0.06753,0.2562
"SLE","Sierra Leone",2019,"SL2019DHS","CH_VACC_C_NON",2,"Eastern_Kono",0.005415,0.004218,0.001257,0.01267,0.01141,0.9512
"SLE","Sierra Leone",2019,"SL2019DHS","CH_VACC_C_NON",2,"North Western_Kambia",0.003307,0.002678,0.0008204,0.007665,0.006844,0.9132
"SLE","Sierra Leone",2019,"SL2019DHS","CH_VACC_C_NON",2,"North Western_Karene",0.01762,0.01315,0.00356,0.04512,0.04156,1.177
"SLE","Sierra Leone",2019,"SL2019DHS","CH_VACC_C_NON",2,"North Western_Port Loko",0.01453,0.01201,0.004422,0.0338,0.02938,0.7945
"SLE","Sierra Leone",2019,"SL2019DHS","CH_VACC_C_NON",2,"Northern_Bombali",0.01672,0.01257,0.003283,0.04378,0.04049,1.166
"SLE","Sierra Leone",2019,"SL2019DHS","CH_VACC_C_NON",2,"Northern_Falaba",0.03793,0.02988,0.008454,0.09717,0.08871,0.967
"SLE","Sierra Leone",2019,"SL2019DHS","CH_VACC_C_NON",2,"Northern_Koinadugu",0.02444,0.01936,0.005529,0.06032,0.05479,1.027
"SLE","Sierra Leone",2019,"SL2019DHS","CH_VACC_C_NON",2,"Northern_Tonkolili",0.02374,0.01949,0.007176,0.05481,0.04764,0.8108
"SLE","Sierra Leone",2019,"SL2019DHS","CH_VACC_C_NON",2,"Southern_Bo",0.01998,0.01568,0.005091,0.04888,0.04379,0.9537
"SLE","Sierra Leone",2019,"SL2019DHS","CH_VACC_C_NON",2,"Southern_Bonthe",0.04723,0.04432,0.02161,0.08802,0.06641,0.4711
"SLE","Sierra Leone",2019,"SL2019DHS","CH_VACC_C_NON",2,"Southern_Moyamba",0.03914,0.03465,0.0159,0.07491,0.05901,0.5654
"SLE","Sierra Leone",2019,"SL2019DHS","CH_VACC_C_NON",2,"Southern_Pujehun",0.02233,0.01776,0.004819,0.05472,0.0499,0.9579
"SLE","Sierra Leone",2019,"SL2019DHS","CH_VACC_C_NON",2,"Western Area_Western Rural",0.01294,0.009405,0.002028,0.03306,0.03103,1.485
"SLE","Sierra Leone",2019,"SL2019DHS","CH_VACC_C_NON",2,"Western Area_Western Urban",0.009446,0.007276,0.002615,0.02332,0.0207,0.9827
"SLE","Sierra Leone",2019,"SL2019DHS","ML_NETC_C_ITN",1,"Eastern",0.6963,0.6963,0.6618,0.7287,0.06693,0.06707
"SLE","Sierra Leone",2019,"SL2019DHS","ML_NETC_C_ITN",1,"North Western",0.5438,0.5438,0.5079,0.5792,0.07128,0.04757
"SLE","Sierra Leone",2019,"SL2019DHS","ML_NETC_C_ITN",1,"Northern",0.643,0.643,0.6088,0.6758,0.06704,0.05716
"SLE","Sierra Leone",2019,"SL2019DHS","ML_NETC_C_ITN",1,"Southern",0.65,0.65,0.6237,0.6755,0.05185,0.04507
"SLE","Sierra Leone",2019,"SL2019DHS","ML_NETC_C_ITN",1,"Western Area",0.3737,0.3737,0.3318,0.4176,0.08579,0.06994
"SLE","Sierra Leone",2019,"SL2019DHS","ML_NETC_C_ITN",2,"Eastern_Kailahun",0.6918,0.6925,0.6488,0.7334,0.08456,0.08379
"SLE","Sierra Leone",2019,"SL2019DHS","ML_NETC_C_ITN",2,"Eastern_Kenema",0.6992,0.6989,0.6453,0.7539,0.1085,0.107
"SLE","Sierra Leone",2019,"SL2019DHS","ML_NETC_C_ITN",2,"Eastern_Kono",0.6927,0.6934,0.6472,0.7364,0.08914,0.08806
"SLE","Sierra Leone",2019,"SL2019DHS","ML_NETC_C_ITN",2,"North Western_Kambia",0.5545,0.5542,0.4971,0.6129,0.1158,0.08016
"SLE","Sierra Leone",2019,"SL2019DHS","ML_NETC_C_ITN",2,"North Western_Karene",0.6509,0.6541,0.5637,0.7289,0.1651,0.1489
"SLE","Sierra Leone",2019,"SL2019DHS","ML_NETC_C_ITN",2,"North Western_Port Loko",0.5065,0.5078,0.4585,0.5509,0.09248,0.05588
"SLE","Sierra Leone",2019,"SL2019DHS","ML_NETC_C_ITN",2,"Northern_Bombali",0.6519,0.6527,0.6108,0.691,0.08025,0.06947
"SLE","Sierra Leone",2019,"SL2019DHS","ML_NETC_C_ITN",2,"Northern_Falaba",0.6992,0.6998,0.6342,0.7603,0.1261,0.1267
"SLE","Sierra Leone",2019,"SL2019DHS","ML_NETC_C_ITN",2,"Northern_Koinadugu",0.6524,0.6526,0.5754,0.7217,0.1463,0.1256
"SLE","Sierra Leone",2019,"SL2019DHS","ML_NETC_C_ITN",2,"Northern_Tonkolili",0.6202,0.6209,0.5615,0.6793,0.1177,0.0961
"SLE","Sierra Leone",2019,"SL2019DHS","ML_NETC_C_ITN",2,"Southern_Bo",0.585,0.585,0.5356,0.6335,0.0979,0.07154
"SLE","Sierra Leone",2019,"SL2019DHS","ML_NETC_C_ITN",2,"Southern_Bonthe",0.8381,0.8389,0.805,0.8673,0.06232,0.1156
"SLE","Sierra Leone",2019,"SL2019DHS","ML_NETC_C_ITN",2,"Southern_Moyamba",0.5753,0.5764,0.525,0.6233,0.09825,0.06999
"SLE","Sierra Leone",2019,"SL2019DHS","ML_NETC_C_ITN",2,"Southern_Pujehun",0.7334,0.7334,0.6896,0.7745,0.08488,0.09769
"SLE","Sierra Leone",2019,"SL2019DHS","ML_NETC_C_ITN",2,"Western Area_Western Rural",0.3724,0.3707,0.3122,0.4349,0.1227,0.09811
"SLE","Sierra Leone",2019,"SL2019DHS","ML_NETC_C_ITN",2,"Western Area_Western Urban",0.3756,0.3762,0.3208,0.4301,0.1093,0.09083
"SLE","Sierra Leone",2019,"SL2019DHS","CH_DIAT_C_ORT",1,"Eastern",0.9102,0.9102,0.8524,0.9468,0.09439,0.3113
"SLE","Sierra Leone",2019,"SL2019DHS","CH_DIAT_C_ORT",1,"North Western",0.8531,0.8531,0.7829,0.9034,0.1205,0.2471
"SLE","Sierra Leone",2019,"SL2019DHS","CH_DIAT_C_ORT",1,"Northern",0.9031,0.9031,0.8291,0.9472,0.1181,0.3588
"SLE","Sierra Leone",2019,"SL2019DHS","CH_DIAT_C_ORT",1,"Southern",0.7707,0.7707,0.6969,0.8309,0.134,0.178
"SLE","Sierra Leone",2019,"SL2019DHS","CH_DIAT_C_ORT",1,"Western Area",0.8646,0.8646,0.7831,0.9186,0.1355,0.2994
"SLE","Sierra Leone",2019,"SL2019DHS","CH_DIAT_C_ORT",2,"Eastern_Kailahun",0.9169,0.9236,0.8462,0.9699,0.1236,0.529
"SLE","Sierra Leone",2019,"SL2019DHS","CH_DIAT_C_ORT",2,"Eastern_Kenema",0.9018,0.9074,0.8375,0.945,0.1075,0.3586
"SLE","Sierra Leone",2019,"SL2019DHS","CH_DIAT_C_ORT",2,"Eastern_Kono",0.9041,0.9092,0.8303,0.9561,0.1258,0.4424
"SLE","Sierra Leone",2019,"SL2019DHS","CH_DIAT_C_ORT",2,"North Western_Kambia",0.8582,0.8636,0.7738,0.9273,0.1536,0.3508
"SLE","Sierra Leone",2019,"SL2019DHS","CH_DIAT_C_ORT",2,"North Western_Karene",0.7957,0.8097,0.6582,0.8897,0.2315,0.3925
"SLE","Sierra Leone",2019,"SL2019DHS","CH_DIAT_C_ORT",2,"North Western_Port Loko",0.846,0.8485,0.7737,0.9025,0.1289,0.2636
"SLE","Sierra Leone",2019,"SL2019DHS","CH_DIAT_C_ORT",2,"Northern_Bombali",0.8938,0.8996,0.8117,0.9512,0.1395,0.4356
"SLE","Sierra Leone",2019,"SL2019DHS","CH_DIAT_C_ORT",2,"Northern_Falaba",0.8892,0.8985,0.7934,0.9558,0.1624,0.5483
"SLE","Sierra Leone",2019,"SL2019DHS","CH_DIAT_C_ORT",2,"Northern_Koinadugu",0.879,0.8832,0.8048,0.9338,0.129,0.3514
"SLE","Sierra Leone",2019,"SL2019DHS","CH_DIAT_C_ORT",2,"Northern_Tonkolili",0.8989,0.9058,0.826,0.9562,0.1302,0.4451
"SLE","Sierra Leone",2019,"SL2019DHS","CH_DIAT_C_ORT",2,"Southern_Bo",0.8172,0.8197,0.7134,0.9144,0.201,0.3442
"SLE","Sierra Leone",2019,"SL2019DHS","CH_DIAT_C_ORT",2,"Southern_Bonthe",0.7433,0.7512,0.6071,0.8451,0.2379,0.2877
"SLE","Sierra Leone",2019,"SL2019DHS","CH_DIAT_C_ORT",2,"Southern_Moyamba",0.7673,0.7697,0.6691,0.8511,0.1821,0.2479
"SLE","Sierra Leone",2019,"SL2019DHS","CH_DIAT_C_ORT",2,"Southern_Pujehun",0.7351,0.744,0.6033,0.8347,0.2315,0.2709
"SLE","Sierra Leone",2019,"SL2019DHS","CH_DIAT_C_ORT",2,"Western Area_Western Rural",0.8766,0.8814,0.8056,0.9332,0.1276,0.3277
"SLE","Sierra Leone",2019,"SL2019DHS","CH_DIAT_C_ORT",2,"Western Area_Western Urban",0.8502,0.8585,0.7416,0.92,0.1784,0.392
"SLE","Sierra Leone",2019,"SL2019DHS","ED_LITR_W_LIT",1,"Eastern",0.3502,0.3502,0.3222,0.3792,0.057,0.04953
"SLE","Sierra Leone",2019,"SL2019DHS","ED_LITR_W_LIT",1,"North Western",0.316,0.316,0.2869,0.3465,0.05954,0.05733
"SLE","Sierra Leone",2019,"SL2019DHS","ED_LITR_W_LIT",1,"Northern",0.3959,0.3959,0.3718,0.4205,0.04862,0.03736
"SLE","Sierra Leone",2019,"SL2019DHS","ED_LITR_W_LIT",1,"Southern",0.3764,0.3764,0.3503,0.4032,0.05287,0.04274
"SLE","Sierra Leone",2019,"SL2019DHS","ED_LITR_W_LIT",1,"Western Area",0.6407,0.6407,0.6187,0.6622,0.04356,0.03688
"SLE","Sierra Leone",2019,"SL2019DHS","ED_LITR_W_LIT",2,"Eastern_Kailahun",0.2559,0.2541,0.2082,0.3064,0.09825,0.1186
"SLE","Sierra Leone",2019,"SL2019DHS","ED_LITR_W_LIT",2,"Eastern_Kenema",0.3813,0.3814,0.3309,0.4368,0.1059,0.08343
"SLE","Sierra Leone",2019,"SL2019DHS","ED_LITR_W_LIT",2,"Eastern_Kono",0.3686,0.3671,0.3168,0.4243,0.1075,0.08998
"SLE","Sierra Leone",2019,"SL2019DHS","ED_LITR_W_LIT",2,"North Western_Kambia",0.3327,0.332,0.2849,0.3851,0.1002,0.09211
"SLE","Sierra Leone",2019,"SL2019DHS","ED_LITR_W_LIT",2,"North Western_Karene",0.2292,0.2277,0.1883,0.2731,0.08484,0.1102
"SLE","Sierra Leone",2019,"SL2019DHS","ED_LITR_W_LIT",2,"North Western_Port Loko",0.3188,0.3179,0.2732,0.3713,0.09812,0.09308
"SLE","Sierra Leone",2019,"SL2019DHS","ED_LITR_W_LIT",2,"Northern_Bombali",0.4562,0.4567,0.41,0.5022,0.09224,0.06176
"SLE","Sierra Leone",2019,"SL2019DHS","ED_LITR_W_LIT",2,"Northern_Falaba",0.2284,0.2272,0.183,0.2783,0.09523,0.1265
"SLE","Sierra Leone",2019,"SL2019DHS","ED_LITR_W_LIT",2,"Northern_Koinadugu",0.3573,0.3573,0.2952,0.4239,0.1287,0.109
"SLE","Sierra Leone",2019,"SL2019DHS","ED_LITR_W_LIT",2,"Northern_Tonkolili",0.3888,0.3883,0.341,0.4379,0.09688,0.0774
"SLE","Sierra Leone",2019,"SL2019DHS","ED_LITR_W_LIT",2,"Southern_Bo",0.4172,0.4173,0.3655,0.4717,0.1062,0.0769
"SLE","Sierra Leone",2019,"SL2019DHS","ED_LITR_W_LIT",2,"Southern_Bonthe",0.3705,0.367,0.2959,0.4484,0.1525,0.1285
"SLE","Sierra Leone",2019,"SL2019DHS","ED_LITR_W_LIT",2,"Southern_Moyamba",0.3614,0.3624,0.297,0.4259,0.1289,0.1115
"SLE","Sierra Leone",2019,"SL2019DHS","ED_LITR_W_LIT",2,"Southern_Pujehun",0.2717,0.2702,0.2179,0.3311,0.1132,0.1279
"SLE","Sierra Leone",2019,"SL2019DHS","ED_LITR_W_LIT",2,"Western Area_Western Rural",0.575,0.5752,0.542,0.6066,0.06455,0.04518
"SLE","Sierra Leone",2019,"SL2019DHS","ED_LITR_W_LIT",2,"Western Area_Western Urban",0.6806,0.6816,0.648,0.7105,0.06242,0.06011
"SLE","Sierra Leone",2019,"SL2019DHS","CO_MOBB_W_MOB",1,"Eastern",0.3348,0.3348,0.3081,0.3626,0.05453,0.04956
"SLE","Sierra Leone",2019,"SL2019DHS","CO_MOBB_W_MOB",1,"North Western",0.3064,0.3064,0.2796,0.3345,0.05497,0.05459
"SLE","Sierra Leone",2019,"SL2019DHS","CO_MOBB_W_MOB",1,"Northern",0.3811,0.3811,0.347,0.4164,0.0694,0.05545
"SLE","Sierra Leone",2019,"SL2019DHS","CO_MOBB_W_MOB",1,"Southern",0.3244,0.3244,0.2993,0.3505,0.0512,0.04802
"SLE","Sierra Leone",2019,"SL2019DHS","CO_MOBB_W_MOB",1,"Western Area",0.7022,0.7022,0.6775,0.7257,0.04816,0.04918
"SLE","Sierra Leone",2019,"SL2019DHS","CO_MOBB_W_MOB",2,"Eastern_Kailahun",0.2909,0.2909,0.2395,0.34,0.1005,0.1086
"SLE","Sierra Leone",2019,"SL2019DHS","CO_MOBB_W_MOB",2,"Eastern_Kenema",0.3262,0.3267,0.2683,0.3827,0.1144,0.1049
"SLE","Sierra Leone",2019,"SL2019DHS","CO_MOBB_W_MOB",2,"Eastern_Kono",0.3913,0.3892,0.3399,0.451,0.1111,0.08811
"SLE","Sierra Leone",2019,"SL2019DHS","CO_MOBB_W_MOB",2,"North Western_Kambia",0.3581,0.3582,0.3163,0.4004,0.08412,0.07062
"SLE","Sierra Leone",2019,"SL2019DHS","CO_MOBB_W_MOB",2,"North Western_Karene",0.1879,0.1852,0.1393,0.2413,0.102,0.1691
"SLE","Sierra Leone",2019,"SL2019DHS","CO_MOBB_W_MOB",2,"North Western_Port Loko",0.2961,0.2956,0.2496,0.3459,0.09632,0.1023
"SLE","Sierra Leone",2019,"SL2019DHS","CO_MOBB_W_MOB",2,"Northern_Bombali",0.4697,0.471,0.4168,0.518,0.1012,0.06437
"SLE","Sierra Leone",2019,"SL2019DHS","CO_MOBB_W_MOB",2,"Northern_Falaba",0.3534,0.3516,0.2838,0.425,0.1412,0.1255
"SLE","Sierra Leone",2019,"SL2019DHS","CO_MOBB_W_MOB",2,"Northern_Koinadugu",0.4245,0.4219,0.344,0.513,0.169,0.1217
"SLE","Sierra Leone",2019,"SL2019DHS","CO_MOBB_W_MOB",2,"Northern_Tonkolili",0.2982,0.2973,0.2367,0.3618,0.1251,0.1279
"SLE","Sierra Leone",2019,"SL2019DHS","CO_MOBB_W_MOB",2,"Southern_Bo",0.377,0.3764,0.3295,0.4308,0.1013,0.08396
"SLE","Sierra Leone",2019,"SL2019DHS","CO_MOBB_W_MOB",2,"Southern_Bonthe",0.3035,0.3017,0.2437,0.3626,0.1189,0.1224
"SLE","Sierra Leone",2019,"SL2019DHS","CO_MOBB_W_MOB",2,"Southern_Moyamba",0.2855,0.2831,0.2232,0.3586,0.1354,0.143
"SLE","Sierra Leone",2019,"SL2019DHS","CO_MOBB_W_MOB",2,"Southern_Pujehun",0.2622,0.2616,0.2064,0.3207,0.1142,0.135
"SLE","Sierra Leone",2019,"SL2019DHS","CO_MOBB_W_MOB",2,"Western Area_Western Rural",0.6348,0.6351,0.6034,0.6647,0.0613,0.05248
"SLE","Sierra Leone",2019,"SL2019DHS","CO_MOBB_W_MOB",2,"Western Area_Western Urban",0.7423,0.743,0.707,0.7734,0.06633,0.07875
"SLE","Sierra Leone",2019,"SL2019DHS","ED_EDUC_W_SEH",1,"Eastern",0.3627,0.3627,0.3342,0.3922,0.05801,0.04867
"SLE","Sierra Leone",2019,"SL2019DHS","ED_EDUC_W_SEH",1,"North Western",0.3074,0.3074,0.2806,0.3356,0.05494,0.05436
"SLE","Sierra Leone",2019,"SL2019DHS","ED_EDUC_W_SEH",1,"Northern",0.3434,0.3434,0.3191,0.3686,0.04954,0.04389
"SLE","Sierra Leone",2019,"SL2019DHS","ED_EDUC_W_SEH",1,"Southern",0.3344,0.3344,0.3086,0.3612,0.05259,0.04785
"SLE","Sierra Leone",2019,"SL2019DHS","ED_EDUC_W_SEH",1,"Western Area",0.6425,0.6425,0.6221,0.6624,0.04029,0.03427
"SLE","Sierra Leone",2019,"SL2019DHS","ED_EDUC_W_SEH",2,"Eastern_Kailahun",0.3175,0.3163,0.2682,0.3689,0.1007,0.09509
"SLE","Sierra Leone",2019,"SL2019DHS","ED_EDUC_W_SEH",2,"Eastern_Kenema",0.3717,0.3702,0.3211,0.4272,0.1061,0.08655
"SLE","Sierra Leone",2019,"SL2019DHS","ED_EDUC_W_SEH",2,"Eastern_Kono",0.3797,0.3783,0.3243,0.4371,0.1128,0.09044
"SLE","Sierra Leone",2019,"SL2019DHS","ED_EDUC_W_SEH",2,"North Western_Kambia",0.3037,0.3039,0.2621,0.3492,0.08706,0.08894
"SLE","Sierra Leone",2019,"SL2019DHS","ED_EDUC_W_SEH",2,"North Western_Karene",0.2456,0.2448,0.1999,0.2927,0.09282,0.1161
"SLE","Sierra Leone",2019,"SL2019DHS","ED_EDUC_W_SEH",2,"North Western_Port Loko",0.3171,0.316,0.2689,0.3666,0.09774,0.09496
"SLE","Sierra Leone",2019,"SL2019DHS","ED_EDUC_W_SEH",2,"Northern_Bombali",0.402,0.4011,0.3444,0.4636,0.1192,0.09081
"SLE","Sierra Leone",2019,"SL2019DHS","ED_EDUC_W_SEH",2,"Northern_Falaba",0.2227,0.2222,0.1709,0.2806,0.1098,0.1533
"SLE","Sierra Leone",2019,"SL2019DHS","ED_EDUC_W_SEH",2,"Northern_Koinadugu",0.3213,0.3212,0.2606,0.3807,0.1201,0.1157
"SLE","Sierra Leone",2019,"SL2019DHS","ED_EDUC_W_SEH",2,"Northern_Tonkolili",0.3079,0.3079,0.2651,0.3515,0.08642,0.08813
"SLE","Sierra Leone",2019,"SL2019DHS","ED_EDUC_W_SEH",2,"Southern_Bo",0.3723,0.3717,0.325,0.4209,0.09592,0.07902
"SLE","Sierra Leone",2019,"SL2019DHS","ED_EDUC_W_SEH",2,"Southern_Bonthe",0.3175,0.3162,0.2489,0.3899,0.141,0.1361
"SLE","Sierra Leone",2019,"SL2019DHS","ED_EDUC_W_SEH",2,"Southern_Moyamba",0.3178,0.3171,0.2514,0.3852,0.1339,0.1289
"SLE","Sierra Leone",2019,"SL2019DHS","ED_EDUC_W_SEH",2,"Southern_Pujehun",0.2765,0.276,0.2175,0.3354,0.1179,0.1296
"SLE","Sierra Leone",2019,"SL2019DHS","ED_EDUC_W_SEH",2,"Western Area_Western Rural",0.5912,0.5912,0.5683,0.6156,0.0473,0.03568
"SLE","Sierra Leone",2019,"SL2019DHS","ED_EDUC_W_SEH",2,"Western Area_Western Urban",0.6735,0.6734,0.6433,0.703,0.05968,0.05572
"SLE","Sierra Leone",2019,"SL2019DHS","HC_WIXQ_P_12Q",1,"Eastern",0.4726,0.4726,0.4391,0.5062,0.06708,0.04322
"SLE","Sierra Leone",2019,"SL2019DHS","HC_WIXQ_P_12Q",1,"North Western",0.467,0.467,0.4258,0.5086,0.08276,0.05399
"SLE","Sierra Leone",2019,"SL2019DHS","HC_WIXQ_P_12Q",1,"Northern",0.5026,0.5026,0.448,0.5572,0.1092,0.06701
"SLE","Sierra Leone",2019,"SL2019DHS","HC_WIXQ_P_12Q",1,"Southern",0.5557,0.5557,0.5205,0.5904,0.06998,0.04796
"SLE","Sierra Leone",2019,"SL2019DHS","HC_WIXQ_P_12Q",1,"Western Area",0.007106,0.007106,0.003837,0.01313,0.009288,0.374
"SLE","Sierra Leone",2019,"SL2019DHS","HC_WIXQ_P_12Q",2,"Eastern_Kailahun",0.5502,0.5515,0.4758,0.6242,0.1483,0.1007
"SLE","Sierra Leone",2019,"SL2019DHS","HC_WIXQ_P_12Q",2,"Eastern_Kenema",0.463,0.4642,0.3879,0.5353,0.1474,0.09879
"SLE","Sierra Leone",2019,"SL2019DHS","HC_WIXQ_P_12Q",2,"Eastern_Kono",0.4359,0.4334,0.3554,0.5196,0.1642,0.1198
"SLE","Sierra Leone",2019,"SL2019DHS","HC_WIXQ_P_12Q",2,"North Western_Kambia",0.4152,0.4141,0.3417,0.4939,0.1521,0.1156
"SLE","Sierra Leone",2019,"SL2019DHS","HC_WIXQ_P_12Q",2,"North Western_Karene",0.6465,0.6463,0.573,0.7192,0.1462,0.125
"SLE","Sierra Leone",2019,"SL2019DHS","HC_WIXQ_P_12Q",2,"North Western_Port Loko",0.4775,0.4767,0.4136,0.5486,0.135,0.0876
"SLE","Sierra Leone",2019,"SL2019DHS","HC_WIXQ_P_12Q",2,"Northern_Bombali",0.4531,0.4556,0.3272,0.5745,0.2474,0.1697
"SLE","Sierra Leone",2019,"SL2019DHS","HC_WIXQ_P_12Q",2,"Northern_Falaba",0.4975,0.4981,0.4173,0.5785,0.1612,0.09934
"SLE","Sierra Leone",2019,"SL2019DHS","HC_WIXQ_P_12Q",2,"Northern_Koinadugu",0.4969,0.4959,0.3976,0.5996,0.2019,0.1245
"SLE","Sierra Leone",2019,"SL2019DHS","HC_WIXQ_P_12Q",2,"Northern_Tonkolili",0.5755,0.5764,0.4905,0.6593,0.1687,0.1201
"SLE","Sierra Leone",2019,"SL2019DHS","HC_WIXQ_P_12Q",2,"Southern_Bo",0.4546,0.4558,0.3781,0.5248,0.1467,0.0992
"SLE","Sierra Leone",2019,"SL2019DHS","HC_WIXQ_P_12Q",2,"Southern_Bonthe",0.6096,0.6135,0.5128,0.7022,0.1894,0.1496
"SLE","Sierra Leone",2019,"SL2019DHS","HC_WIXQ_P_12Q",2,"Southern_Moyamba",0.6577,0.6581,0.5692,0.7464,0.1772,0.1523
"SLE","Sierra Leone",2019,"SL2019DHS","HC_WIXQ_P_12Q",2,"Southern_Pujehun",0.6098,0.6096,0.5254,0.695,0.1697,0.1312
"SLE","Sierra Leone",2019,"SL2019DHS","HC_WIXQ_P_12Q",2,"Western Area_Western Rural",0.01389,0.01284,0.007006,0.02335,0.01635,0.4146
"SLE","Sierra Leone",2019,"SL2019DHS","HC_WIXQ_P_12Q",2,"Western Area_Western Urban",0.006102,0.005108,0.001252,0.01435,0.0131,0.8861
"SLE","Sierra Leone",2019,"SL2019DHS","CM_ECMR_C_NNF",1,"Eastern",0.02809,0.02809,0.02156,0.03654,0.01498,0.1604
"SLE","Sierra Leone",2019,"SL2019DHS","CM_ECMR_C_NNF",1,"North Western",0.04095,0.04095,0.03148,0.05312,0.02164,0.1591
"SLE","Sierra Leone",2019,"SL2019DHS","CM_ECMR_C_NNF",1,"Northern",0.0252,0.0252,0.01958,0.03239,0.01281,0.1531
"SLE","Sierra Leone",2019,"SL2019DHS","CM_ECMR_C_NNF",1,"Southern",0.02154,0.02154,0.01598,0.02897,0.01299,0.1809
"SLE","Sierra Leone",2019,"SL2019DHS","CM_ECMR_C_NNF",1,"Western Area",0.03349,0.03349,0.02356,0.04739,0.02382,0.2125
"SLE","Sierra Leone",2019,"SL2019DHS","CM_ECMR_C_NNF",2,"Eastern_Kailahun",0.02656,0.02636,0.01749,0.03661,0.01912,0.2229
"SLE","Sierra Leone",2019,"SL2019DHS","CM_ECMR_C_NNF",2,"Eastern_Kenema",0.02782,0.02744,0.01988,0.03703,0.01715,0.1887
"SLE","Sierra Leone",2019,"SL2019DHS","CM_ECMR_C_NNF",2,"Eastern_Kono",0.03237,0.03127,0.02282,0.0453,0.02248,0.2212
"SLE","Sierra Leone",2019,"SL2019DHS","CM_ECMR_C_NNF",2,"North Western_Kambia",0.0428,0.04236,0.02968,0.05724,0.02756,0.2031
"SLE","Sierra Leone",2019,"SL2019DHS","CM_ECMR_C_NNF",2,"North Western_Karene",0.0537,0.05176,0.03814,0.07553,0.03738,0.2312
"SLE","Sierra Leone",2019,"SL2019DHS","CM_ECMR_C_NNF",2,"North Western_Port Loko",0.04278,0.04242,0.02977,0.05675,0.02698,0.187
"SLE","Sierra Leone",2019,"SL2019DHS","CM_ECMR_C_NNF",2,"Northern_Bombali",0.02571,0.02561,0.01635,0.03543,0.01909,0.2333
"SLE","Sierra Leone",2019,"SL2019DHS","CM_ECMR_C_NNF",2,"Northern_Falaba",0.03366,0.03206,0.0235,0.04868,0.02518,0.2558
"SLE","Sierra Leone",2019,"SL2019DHS","CM_ECMR_C_NNF",2,"Northern_Koinadugu",0.0274,0.02714,0.01987,0.03588,0.01601,0.1756
"SLE","Sierra Leone",2019,"SL2019DHS","CM_ECMR_C_NNF",2,"Northern_Tonkolili",0.02894,0.0285,0.0213,0.03799,0.01669,0.1736
"SLE","Sierra Leone",2019,"SL2019DHS","CM_ECMR_C_NNF",2,"Southern_Bo",0.02264,0.022,0.016,0.03121,0.01521,0.2154
"SLE","Sierra Leone",2019,"SL2019DHS","CM_ECMR_C_NNF",2,"Southern_Bonthe",0.01876,0.01842,0.01155,0.02701,0.01546,0.2529
"SLE","Sierra Leone",2019,"SL2019DHS","CM_ECMR_C_NNF",2,"Southern_Moyamba",0.02101,0.02037,0.01418,0.03034,0.01616,0.2469
"SLE","Sierra Leone",2019,"SL2019DHS","CM_ECMR_C_NNF",2,"Southern_Pujehun",0.02036,0.01988,0.01299,0.02929,0.0163,0.2553
"SLE","Sierra Leone",2019,"SL2019DHS","CM_ECMR_C_NNF",2,"Western Area_Western Rural",0.03325,0.0327,0.02265,0.04569,0.02304,0.2208
"SLE","Sierra Leone",2019,"SL2019DHS","CM_ECMR_C_NNF",2,"Western Area_Western Urban",0.03484,0.03402,0.02282,0.05032,0.0275,0.2486
"SLE","Sierra Leone",2019,"SL2019DHS","CN_NUTS_C_HA2",1,"Eastern",0.2557,0.2557,0.2288,0.2846,0.05578,0.06633
"SLE","Sierra Leone",2019,"SL2019DHS","CN_NUTS_C_HA2",1,"North Western",0.3247,0.3247,0.294,0.357,0.06302,0.05906
"SLE","Sierra Leone",2019,"SL2019DHS","CN_NUTS_C_HA2",1,"Northern",0.3031,0.3031,0.2731,0.3348,0.06168,0.06192
"SLE","Sierra Leone",2019,"SL2019DHS","CN_NUTS_C_HA2",1,"Southern",0.3132,0.3132,0.2885,0.339,0.05049,0.04903
"SLE","Sierra Leone",2019,"SL2019DHS","CN_NUTS_C_HA2",1,"Western Area",0.2775,0.2775,0.2338,0.3258,0.09196,0.1009
"SLE","Sierra Leone",2019,"SL2019DHS","CN_NUTS_C_HA2",2,"Eastern_Kailahun",0.2799,0.2789,0.24,0.3244,0.08446,0.09145
"SLE","Sierra Leone",2019,"SL2019DHS","CN_NUTS_C_HA2",2,"Eastern_Kenema",0.2493,0.25,0.212,0.2852,0.07326,0.08948
"SLE","Sierra Leone",2019,"SL2019DHS","CN_NUTS_C_HA2",2,"Eastern_Kono",0.254,0.2531,0.2046,0.3037,0.09907,0.1217
"SLE","Sierra Leone",2019,"SL2019DHS","CN_NUTS_C_HA2",2,"North Western_Kambia",0.3261,0.3247,0.2675,0.388,0.1206,0.1101
"SLE","Sierra Leone",2019,"SL2019DHS","CN_NUTS_C_HA2",2,"North Western_Karene",0.3405,0.3397,0.2893,0.3952,0.1059,0.09549
"SLE","Sierra Leone",2019,"SL2019DHS","CN_NUTS_C_HA2",2,"North Western_Port Loko",0.3232,0.323,0.2869,0.3609,0.07404,0.06808
"SLE","Sierra Leone",2019,"SL2019DHS","CN_NUTS_C_HA2",2,"Northern_Bombali",0.2611,0.2611,0.2178,0.3079,0.09009,0.1041
"SLE","Sierra Leone",2019,"SL2019DHS","CN_NUTS_C_HA2",2,"Northern_Falaba",0.3931,0.3931,0.345,0.4433,0.09824,0.07627
"SLE","Sierra Leone",2019,"SL2019DHS","CN_NUTS_C_HA2",2,"Northern_Koinadugu",0.3566,0.3552,0.3018,0.416,0.1142,0.0982
"SLE","Sierra Leone",2019,"SL2019DHS","CN_NUTS_C_HA2",2,"Northern_Tonkolili",0.3271,0.3268,0.2879,0.3708,0.08289,0.07494
"SLE","Sierra Leone",2019,"SL2019DHS","CN_NUTS_C_HA2",2,"Southern_Bo",0.2939,0.2944,0.2586,0.328,0.06947,0.07216
"SLE","Sierra Leone",2019,"SL2019DHS","CN_NUTS_C_HA2",2,"Southern_Bonthe",0.313,0.3127,0.2742,0.3558,0.0816,0.08122
"SLE","Sierra Leone",2019,"SL2019DHS","CN_NUTS_C_HA2",2,"Southern_Moyamba",0.311,0.3098,0.2724,0.3517,0.07933,0.07856
"SLE","Sierra Leone",2019,"SL2019DHS","CN_NUTS_C_HA2",2,"Southern_Pujehun",0.3522,0.35,0.3033,0.4092,0.1059,0.09414
"SLE","Sierra Leone",2019,"SL2019DHS","CN_NUTS_C_HA2",2,"Western Area_Western Rural",0.2387,0.237,0.1914,0.2926,0.1012,0.1302
"SLE","Sierra Leone",2019,"SL2019DHS","CN_NUTS_C_HA2",2,"Western Area_Western Urban",0.2971,0.2944,0.2373,0.3621,0.1248,0.1303
"SLE","Sierra Leone",2019,"SL2019DHS","CN_NUTS_C_WH2",1,"Eastern",0.03083,0.03083,0.02223,0.04262,0.02039,0.198
"SLE","Sierra Leone",2019,"SL2019DHS","CN_NUTS_C_WH2",1,"North Western",0.05489,0.05489,0.0418,0.07178,0.02998,0.1645
"SLE","Sierra Leone",2019,"SL2019DHS","CN_NUTS_C_WH2",1,"Northern",0.05344,0.05344,0.04289,0.0664,0.02351,0.1329
"SLE","Sierra Leone",2019,"SL2019DHS","CN_NUTS_C_WH2",1,"Southern",0.06174,0.06174,0.05049,0.07531,0.02482,0.1216
"SLE","Sierra Leone",2019,"SL2019DHS","CN_NUTS_C_WH2",1,"Western Area",0.07299,0.07299,0.0521,0.1013,0.04925,0.2025
"SLE","Sierra Leone",2019,"SL2019DHS","CN_NUTS_C_WH2",2,"Eastern_Kailahun",0.03637,0.03481,0.02373,0.05463,0.03091,0.2727
"SLE","Sierra Leone",2019,"SL2019DHS","CN_NUTS_C_WH2",2,"Eastern_Kenema",0.03098,0.02996,0.02021,0.04513,0.02493,0.2562
"SLE","Sierra Leone",2019,"SL2019DHS","CN_NUTS_C_WH2",2,"Eastern_Kono",0.03011,0.02952,0.01791,0.046,0.02809,0.2964
"SLE","Sierra Leone",2019,"SL2019DHS","CN_NUTS_C_WH2",2,"North Western_Kambia",0.06578,0.06422,0.04392,0.09413,0.05022,0.2376
"SLE","Sierra Leone",2019,"SL2019DHS","CN_NUTS_C_WH2",2,"North Western_Karene",0.04634,0.04566,0.02405,0.07036,0.04631,0.3144
"SLE","Sierra Leone",2019,"SL2019DHS","CN_NUTS_C_WH2",2,"North Western_Port Loko",0.05269,0.05226,0.03772,0.07026,0.03254,0.1873
"SLE","Sierra Leone",2019,"SL2019DHS","CN_NUTS_C_WH2",2,"Northern_Bombali",0.0656,0.06458,0.05056,0.08348,0.03291,0.1583
"SLE","Sierra Leone",2019,"SL2019DHS","CN_NUTS_C_WH2",2,"Northern_Falaba",0.04055,0.03938,0.0184,0.06664,0.04824,0.3793
"SLE","Sierra Leone",2019,"SL2019DHS","CN_NUTS_C_WH2",2,"Northern_Koinadugu",0.05542,0.05412,0.03752,0.07858,0.04106,0.2317
"SLE","Sierra Leone",2019,"SL2019DHS","CN_NUTS_C_WH2",2,"Northern_Tonkolili",0.04772,0.04703,0.03403,0.06367,0.02963,0.1958
"SLE","Sierra Leone",2019,"SL2019DHS","CN_NUTS_C_WH2",2,"Southern_Bo",0.06044,0.05986,0.04423,0.07877,0.03454,0.1713
"SLE","Sierra Leone",2019,"SL2019DHS","CN_NUTS_C_WH2",2,"Southern_Bonthe",0.06559,0.06464,0.04587,0.09163,0.04576,0.2148
"SLE","Sierra Leone",2019,"SL2019DHS","CN_NUTS_C_WH2",2,"Southern_Moyamba",0.05709,0.05648,0.03719,0.07976,0.04256,0.2396
"SLE","Sierra Leone",2019,"SL2019DHS","CN_NUTS_C_WH2",2,"Southern_Pujehun",0.08258,0.08012,0.05997,0.1109,0.05088,0.1973
"SLE","Sierra Leone",2019,"SL2019DHS","CN_NUTS_C_WH2",2,"Western Area_Western Rural",0.05858,0.05718,0.03892,0.08399,0.04507,0.2419
"SLE","Sierra Leone",2019,"SL2019DHS","CN_NUTS_C_WH2",2,"Western Area_Western Urban",0.07995,0.07765,0.05221,0.1157,0.06351,0.2585
